lon,lat,Vs30_Wills,Z2p5,Z1,ln_Amp760
-119.2159,34.1462,228.2,3.6,0.7,1.6199
-119.1684,34.1245,228.2,3.2,0.8,1.6099
-119.1209,34.1028,176.1,2.7,0.9,1.9229
-118.4114,33.7748,386.6,1.4,0.0,0.0441
-118.3643,33.7528,385.1,1.5,0.0,-0.0497
-118.3172,33.7308,386.6,1.6,0.0,0.0652
-117.5670,33.3757,386.6,1.4,0.0,-0.1246
-117.5203,33.3534,468.4,1.1,0.0,-0.1202
-117.4737,33.3310,468.4,0.0,0.0,-0.0643
-119.2373,34.2074,293.5,4.3,0.8,1.6315
-119.1898,34.1857,228.2,3.7,0.6,1.5200
-119.1423,34.1640,228.2,2.6,0.6,1.4800
-119.0948,34.1423,228.2,2.5,0.7,1.5827
-119.0473,34.1206,385.1,2.2,0.3,0.8446
-118.9998,34.0988,518.9,1.9,0.3,0.7326
-118.9524,34.0770,385.1,2.4,0.3,0.6446
-118.9050,34.0552,385.1,2.2,0.3,0.5683
-118.8102,34.0116,385.1,0.9,0.0,0.0293
-118.3850,33.8142,386.6,1.8,0.6,0.9953
-118.3379,33.7922,351.9,2.1,0.7,1.1309
-118.2908,33.7701,386.6,2.3,0.8,1.2662
-118.2437,33.7481,225.6,2.5,0.9,1.8145
-117.7274,33.5041,468.4,1.7,0.0,-0.0558
-117.6806,33.4819,351.9,1.9,0.0,-0.0530
-117.6339,33.4596,385.1,2.2,0.0,-0.0697
-117.5871,33.4372,385.1,3.6,0.0,-0.0610
-117.5404,33.4149,385.1,1.4,0.0,-0.0519
-117.4937,33.3926,468.4,0.0,0.0,-0.0242
-117.4470,33.3702,386.6,0.0,0.0,0.0021
-119.2588,34.2686,293.5,6.1,0.8,1.7321
-119.2112,34.2469,293.5,6.5,0.7,1.5493
-119.1637,34.2252,228.2,3.6,0.6,1.5834
-119.1161,34.2035,228.2,2.5,0.6,1.5995
-119.0686,34.1818,228.2,3.2,0.3,1.2851
-119.0211,34.1600,518.9,2.5,0.1,0.6379
-118.9736,34.1383,385.1,1.8,0.1,0.4901
-118.9262,34.1165,518.9,0.3,0.1,0.4137
-118.8788,34.0947,518.9,0.3,0.1,0.3361
-118.8314,34.0728,468.4,0.3,0.3,0.4750
-118.7840,34.0510,385.1,0.0,0.0,0.0057
-118.4058,33.8755,351.9,2.2,0.9,1.7503
-118.3586,33.8535,386.6,2.5,0.9,1.7657
-118.3115,33.8315,386.6,3.0,0.8,1.7420
-118.2644,33.8094,386.6,3.4,0.8,1.6402
-118.2173,33.7874,228.2,3.4,0.7,1.7985
-118.1702,33.7653,386.6,3.7,0.7,1.7394
-118.0761,33.7210,293.5,3.1,0.7,1.8734
-118.0291,33.6989,176.1,3.5,0.6,1.9676
-117.9822,33.6767,228.2,3.9,0.6,1.4699
-117.9352,33.6545,386.6,3.9,0.3,0.7964
-117.8414,33.6101,385.1,2.0,0.0,0.0570
-117.7945,33.5879,468.4,1.9,0.0,-0.0437
-117.7477,33.5656,468.4,1.9,0.0,-0.0963
-117.7008,33.5434,385.1,2.0,0.0,-0.1177
-117.6540,33.5211,385.1,2.2,0.0,-0.1015
-117.6072,33.4988,385.1,2.5,0.0,-0.0690
-117.5605,33.4764,386.6,3.6,0.0,-0.0083
-117.5137,33.4541,502.5,1.1,0.0,0.0746
-117.4670,33.4317,351.9,0.0,0.0,0.1209
-117.4203,33.4093,518.9,0.0,0.0,0.0693
-119.2327,34.3081,385.1,6.0,0.3,1.0363
-119.1851,34.2864,351.9,7.2,0.8,1.6027
-119.1375,34.2647,228.2,2.5,0.4,1.3274
-119.0900,34.2430,386.6,2.2,0.3,1.1130
-119.0424,34.2213,293.5,3.2,0.6,1.3425
-118.9949,34.1995,518.9,3.2,0.3,0.8648
-118.9474,34.1777,386.6,0.3,0.3,0.7323
-118.9000,34.1559,351.9,0.3,0.3,0.6715
-118.8525,34.1341,351.9,0.3,0.3,0.6059
-118.8051,34.1123,518.9,0.3,0.1,0.2870
-118.7577,34.0904,468.4,0.0,0.0,0.0431
-118.7103,34.0685,468.4,0.0,0.0,-0.0245
-118.6630,34.0467,468.4,0.0,0.0,-0.0196
-118.4266,33.9369,386.6,3.4,0.8,1.6719
-118.3794,33.9149,386.6,3.8,0.8,1.7174
-118.3322,33.8929,386.6,3.9,0.6,1.6299
-118.2851,33.8708,386.6,4.0,0.6,1.6959
-118.2379,33.8488,351.9,4.0,0.6,1.6803
-118.1908,33.8267,386.6,4.3,0.7,1.6891
-118.1437,33.8046,386.6,3.0,0.7,1.7506
-118.0967,33.7825,228.2,3.2,0.7,1.9865
-118.0496,33.7603,228.2,3.5,0.7,1.9689
-118.0026,33.7382,228.2,4.2,0.7,1.7880
-117.9556,33.7160,228.2,4.5,0.6,1.3663
-117.9087,33.6938,293.5,4.2,0.5,0.8709
-117.8617,33.6716,386.6,2.9,0.3,0.5071
-117.8148,33.6494,468.4,2.1,0.0,-0.0823
-117.7679,33.6271,468.4,2.0,0.0,-0.2155
-117.7211,33.6048,385.1,2.1,0.0,-0.2477
-117.6742,33.5826,385.1,2.0,0.0,-0.2329
-117.6274,33.5603,385.1,1.6,0.0,-0.1715
-117.5806,33.5379,468.4,1.2,0.0,-0.0707
-117.5338,33.5156,502.5,0.0,0.0,0.0409
-117.4871,33.4932,502.5,0.0,0.0,0.1279
-117.4403,33.4709,518.9,0.0,0.0,0.1395
-117.3936,33.4485,710.1,0.0,0.0,0.0650
-119.2066,34.3476,385.1,4.8,0.3,0.9785
-119.1590,34.3259,385.1,6.3,0.7,1.2812
-119.1114,34.3042,293.5,6.3,0.3,1.0073
-119.0638,34.2825,386.6,5.2,0.3,0.9949
-119.0162,34.2607,444.0,2.5,0.3,0.9454
-118.9687,34.2390,386.6,3.1,0.3,0.8429
-118.9212,34.2172,518.9,2.6,0.3,0.7300
-118.8737,34.1954,386.6,0.3,0.3,0.6604
-118.8263,34.1736,385.1,0.3,0.3,0.6207
-118.7788,34.1517,518.9,2.2,0.3,0.6097
-118.7314,34.1298,385.1,1.9,0.1,0.3112
-118.6840,34.1080,518.9,1.0,0.1,0.0788
-118.6367,34.0861,468.4,0.3,0.3,0.3418
-118.5893,34.0641,502.5,0.0,0.0,0.1557
-118.5420,34.0422,386.6,3.0,0.3,0.7978
-118.4947,34.0202,386.6,3.0,0.7,1.3020
-118.4475,33.9983,293.5,4.5,0.6,1.4340
-118.4002,33.9763,386.6,4.7,0.6,1.5350
-118.3530,33.9542,386.6,4.2,0.6,1.6382
-118.3058,33.9322,386.6,3.4,0.6,1.6543
-118.2586,33.9101,386.6,3.6,0.7,1.7251
-118.2115,33.8881,228.2,4.2,0.8,1.9944
-118.1643,33.8660,228.2,4.5,0.8,2.0347
-118.1172,33.8439,228.2,4.6,0.8,2.0490
-118.0702,33.8217,228.2,4.5,0.8,2.0646
-118.0231,33.7996,228.2,4.8,0.8,2.0184
-117.9761,33.7774,228.2,4.8,0.7,1.7020
-117.9291,33.7552,228.2,4.9,0.6,1.2734
-117.8821,33.7330,293.5,4.7,0.5,0.7348
-117.8351,33.7108,228.2,2.0,0.3,0.6172
-117.7882,33.6886,293.5,1.8,0.3,0.3000
-117.7413,33.6663,293.5,1.5,0.0,-0.2977
-117.6944,33.6440,386.6,1.5,0.0,-0.3922
-117.6476,33.6218,385.1,1.4,0.0,-0.3438
-117.6007,33.5994,468.4,1.1,0.0,-0.2309
-117.5539,33.5771,502.5,0.0,0.0,-0.0400
-117.5071,33.5548,502.5,0.0,0.0,0.0780
-117.4604,33.5324,518.9,0.0,0.0,0.1270
-117.4136,33.5100,710.1,0.0,0.0,0.0912
-117.3669,33.4876,351.9,0.0,0.0,0.1025
-119.1804,34.3871,385.1,3.1,0.3,0.9488
-119.1328,34.3654,385.1,5.2,0.3,0.9185
-119.0852,34.3437,293.5,6.6,1.0,1.7902
-119.0376,34.3220,385.1,1.2,0.3,0.9897
-118.9900,34.3002,444.0,2.5,0.3,0.9557
-118.9425,34.2784,444.0,3.1,0.3,0.8443
-118.8950,34.2566,444.0,3.1,0.3,0.7100
-118.8475,34.2348,468.4,1.0,0.3,0.6100
-118.8000,34.2130,502.5,0.3,0.3,0.5960
-118.7525,34.1911,502.5,2.9,0.1,0.3202
-118.7051,34.1693,385.1,2.6,0.1,0.3596
-118.6577,34.1474,385.1,2.3,0.1,0.1873
-118.6103,34.1254,385.1,1.8,0.1,0.1032
-118.5630,34.1035,468.4,0.3,0.1,0.3880
-118.5156,34.0816,710.1,0.3,0.1,0.6137
-118.4683,34.0596,386.6,0.5,0.3,0.8821
-118.4210,34.0376,293.5,4.5,0.7,1.4054
-118.3738,34.0156,444.0,4.0,0.6,1.4523
-118.3265,33.9936,386.6,4.5,0.7,1.6132
-118.2793,33.9715,293.5,5.3,0.8,1.8459
-118.2321,33.9495,228.2,5.7,0.9,2.0076
-118.1850,33.9274,228.2,5.6,0.9,1.9840
-118.1378,33.9053,228.2,5.3,0.9,2.0161
-118.0907,33.8832,228.2,4.7,0.8,1.9619
-118.0436,33.8610,228.2,4.5,0.8,1.9919
-117.9966,33.8389,228.2,3.7,0.7,1.8050
-117.9495,33.8167,228.2,4.2,0.7,1.5542
-117.9025,33.7945,228.2,3.0,0.5,1.1011
-117.8555,33.7723,293.5,3.5,0.3,0.5989
-117.8085,33.7501,293.5,1.9,0.3,0.4668
-117.7616,33.7278,351.9,1.4,0.0,-0.1846
-117.7147,33.7055,502.5,1.1,0.0,-0.3745
-117.6678,33.6832,468.4,1.1,0.0,-0.4043
-117.6209,33.6609,468.4,1.1,0.0,-0.3035
-117.5740,33.6386,468.4,0.3,0.0,-0.1427
-117.5272,33.6163,502.5,0.0,0.0,0.0185
-117.4804,33.5939,710.1,0.0,0.0,0.0746
-117.4336,33.5716,710.1,0.0,0.0,0.0787
-117.3869,33.5492,710.1,0.0,0.0,0.0595
-117.3401,33.5267,710.1,0.0,0.0,0.0358
-119.1543,34.4266,385.1,1.7,0.4,1.0121
-119.1066,34.4049,351.9,4.0,0.3,0.9951
-119.0590,34.3832,385.1,6.0,0.5,1.1301
-119.0114,34.3614,293.5,6.3,1.1,1.9466
-118.9638,34.3397,385.1,1.6,0.3,1.0106
-118.9162,34.3179,386.6,2.9,0.3,0.8652
-118.8687,34.2961,444.0,3.2,0.3,0.6853
-118.8212,34.2743,518.9,2.0,0.3,0.5229
-118.7737,34.2524,351.9,0.9,0.3,0.5543
-118.7262,34.2305,468.4,0.3,0.3,0.7637
-118.6788,34.2087,502.5,0.3,0.1,0.4346
-118.6313,34.1868,293.5,2.6,0.2,0.5169
-118.5839,34.1648,385.1,2.1,0.2,0.2405
-118.5366,34.1429,502.5,0.5,0.1,0.1969
-118.4892,34.1209,710.1,0.3,0.3,0.6561
-118.4419,34.0990,710.1,0.3,0.1,0.5063
-118.3946,34.0770,351.9,5.0,0.3,0.9146
-118.3473,34.0549,386.6,2.4,0.3,0.8623
-118.3001,34.0329,293.5,2.5,0.4,1.0130
-118.2528,34.0108,293.5,4.4,0.6,1.2652
-118.2056,33.9888,293.5,5.0,0.8,1.4761
-118.1585,33.9667,228.2,5.0,0.8,1.6609
-118.1113,33.9446,228.2,4.2,0.8,1.6937
-118.0642,33.9224,386.6,3.6,0.7,1.5859
-118.0171,33.9003,386.6,3.1,0.7,1.5650
-117.9700,33.8781,351.9,3.2,0.7,1.5116
-117.9229,33.8559,228.2,4.5,0.7,1.5239
-117.8759,33.8337,293.5,3.5,0.5,0.9803
-117.8289,33.8115,293.5,2.1,0.3,0.6178
-117.7819,33.7893,518.9,1.8,0.0,-0.0025
-117.7349,33.7670,385.1,1.4,0.0,-0.1639
-117.6880,33.7447,468.4,1.1,0.0,-0.3407
-117.6411,33.7224,502.5,0.8,0.0,-0.3390
-117.5942,33.7001,710.1,0.8,0.0,-0.1845
-117.5473,33.6778,518.9,0.0,0.0,-0.0257
-117.5005,33.6555,710.1,0.0,0.0,0.0241
-117.4537,33.6331,710.1,0.0,0.0,0.0734
-117.4069,33.6107,710.1,0.0,0.0,0.0296
-117.3601,33.5883,710.1,0.0,0.0,0.0148
-117.3134,33.5659,710.1,0.0,0.0,0.0060
-119.1281,34.4661,385.1,1.8,0.1,0.7093
-119.0804,34.4444,385.1,4.0,0.1,0.7415
-119.0327,34.4227,386.6,4.5,0.1,0.7432
-118.9851,34.4009,351.9,6.2,0.9,1.6298
-118.9375,34.3791,293.5,6.0,1.1,1.8776
-118.8899,34.3573,385.1,1.2,0.3,0.8627
-118.8424,34.3355,385.1,2.1,0.3,0.6797
-118.7948,34.3137,468.4,2.0,0.3,0.5425
-118.7473,34.2918,468.4,1.4,0.3,0.6067
-118.6999,34.2700,385.1,0.9,0.3,0.7949
-118.6524,34.2481,502.5,0.3,0.1,0.4306
-118.6050,34.2262,293.5,2.5,0.1,0.3681
-118.5575,34.2042,293.5,2.5,0.2,0.4046
-118.5102,34.1823,293.5,1.9,0.2,0.4090
-118.4628,34.1603,293.5,1.6,0.4,0.6873
-118.4155,34.1383,385.1,1.0,0.2,0.4979
-118.3681,34.1163,710.1,5.1,0.3,0.5250
-118.3209,34.0943,293.5,2.0,0.3,0.5339
-118.2736,34.0722,385.1,2.0,0.3,0.5608
-118.2263,34.0502,351.9,2.2,0.3,0.6894
-118.1791,34.0281,386.6,2.5,0.5,0.9801
-118.1319,34.0060,386.6,2.9,0.6,1.1403
-118.0848,33.9839,228.2,3.7,0.6,1.4793
-118.0376,33.9617,351.9,3.6,0.6,1.3586
-117.9905,33.9396,386.6,3.6,0.6,1.3541
-117.9434,33.9174,351.9,3.6,0.6,1.3249
-117.8963,33.8952,385.1,4.0,0.6,1.1059
-117.8493,33.8730,386.6,2.5,0.5,0.8083
-117.8022,33.8507,351.9,2.2,0.3,0.5558
-117.7552,33.8285,385.1,1.8,0.0,-0.0030
-117.7083,33.8062,468.4,1.4,0.0,-0.1283
-117.6613,33.7839,502.5,1.1,0.0,-0.2029
-117.6144,33.7616,351.9,1.1,0.0,-0.1608
-117.5675,33.7393,710.1,1.1,0.0,-0.1835
-117.5206,33.7170,710.1,0.7,0.0,-0.1780
-117.4737,33.6946,710.1,0.0,0.0,-0.1168
-117.4269,33.6722,710.1,0.0,0.0,-0.0733
-117.3801,33.6498,386.6,0.0,0.0,-0.0125
-117.3333,33.6274,386.6,0.0,0.0,0.0133
-117.2865,33.6050,293.5,0.0,0.0,0.0790
-119.1018,34.5056,385.1,0.3,0.1,0.6684
-119.0542,34.4839,385.1,0.3,0.1,0.6844
-119.0065,34.4622,468.4,4.0,0.1,0.5760
-118.9588,34.4404,468.4,6.0,0.1,0.4520
-118.9112,34.4186,385.1,6.1,0.6,1.0447
-118.8636,34.3968,351.9,6.1,1.2,1.5745
-118.8161,34.3750,468.4,1.1,0.3,0.6730
-118.7685,34.3531,351.9,1.6,0.3,0.6362
-118.7210,34.3313,444.0,1.7,0.3,0.6788
-118.6735,34.3094,385.1,0.8,0.3,0.8013
-118.6260,34.2875,502.5,0.3,0.1,0.4481
-118.5786,34.2655,386.6,2.8,0.1,0.3763
-118.5311,34.2436,386.6,3.0,0.3,0.6657
-118.4837,34.2216,293.5,3.1,0.3,0.6897
-118.4363,34.1997,293.5,2.5,0.3,0.5945
-118.3890,34.1777,293.5,1.2,0.3,0.4019
-118.3417,34.1556,293.5,1.0,0.5,0.3617
-118.2944,34.1336,518.9,0.3,0.1,-0.1191
-118.2471,34.1116,386.6,1.2,0.3,0.0482
-118.1998,34.0895,385.1,2.0,0.3,0.3929
-118.1526,34.0674,386.6,2.0,0.3,0.6305
-118.1054,34.0453,468.4,3.4,0.5,0.9337
-118.0582,34.0231,293.5,4.7,0.5,1.0704
-118.0110,34.0010,468.4,4.8,0.3,0.8406
-117.9639,33.9788,468.4,4.2,0.3,0.8369
-117.9168,33.9566,385.1,2.3,0.3,0.8156
-117.8697,33.9344,385.1,2.4,0.3,0.7034
-117.8226,33.9122,385.1,2.4,0.3,0.6094
-117.7756,33.8900,351.9,2.2,0.3,0.5155
-117.7286,33.8677,386.6,2.3,0.3,0.3750
-117.6816,33.8454,468.4,1.4,0.0,-0.1073
-117.6346,33.8231,710.1,1.2,0.0,-0.0949
-117.5877,33.8008,710.1,1.2,0.0,-0.1084
-117.5407,33.7785,710.1,1.1,0.0,-0.3302
-117.4938,33.7561,386.6,0.7,0.0,-0.3606
-117.4470,33.7338,386.6,0.0,0.0,-0.2841
-117.4001,33.7114,351.9,0.0,0.0,-0.1876
-117.3533,33.6890,351.9,0.0,0.0,-0.0299
-117.3065,33.6665,351.9,0.0,0.0,0.0204
-117.2597,33.6441,710.1,0.0,0.0,-0.0503
-119.0756,34.5451,385.1,3.0,0.3,0.8330
-119.0279,34.5234,468.4,0.3,0.1,0.5650
-118.9802,34.5016,468.4,5.3,0.1,0.4278
-118.9325,34.4798,468.4,6.2,0.1,0.2717
-118.8849,34.4580,468.4,5.8,0.1,0.4177
-118.8373,34.4362,385.1,6.2,0.2,0.5188
-118.7897,34.4144,293.5,6.0,1.1,1.5887
-118.7421,34.3925,385.1,4.5,0.3,0.6836
-118.6946,34.3707,468.4,3.7,0.3,0.7475
-118.6471,34.3488,468.4,1.7,0.3,0.8338
-118.5996,34.3269,385.1,0.6,0.3,0.8343
-118.5521,34.3049,385.1,2.5,0.1,0.4490
-118.5047,34.2830,351.9,3.5,0.3,0.7172
-118.4573,34.2610,386.6,2.5,0.3,0.7158
-118.4099,34.2390,293.5,2.5,0.3,0.5196
-118.3625,34.2170,293.5,1.3,0.3,0.2504
-118.3152,34.1950,351.9,0.8,0.7,0.3647
-118.2678,34.1729,351.9,0.5,0.1,-0.2168
-118.2205,34.1509,351.9,0.3,0.3,0.0707
-118.1733,34.1288,386.6,1.2,0.3,0.2047
-118.1260,34.1067,386.6,1.8,0.1,0.1308
-118.0788,34.0846,293.5,2.1,0.3,0.5231
-118.0316,34.0624,228.2,4.0,0.4,0.8997
-117.9844,34.0403,228.2,4.2,0.3,0.8377
-117.9372,34.0181,468.4,2.5,0.2,0.4520
-117.8901,33.9959,293.5,1.9,0.2,0.5422
-117.8430,33.9737,351.9,1.6,0.2,0.3605
-117.7959,33.9514,468.4,1.6,0.2,0.2926
-117.7489,33.9292,468.4,2.4,0.2,0.2147
-117.7018,33.9069,468.4,2.0,0.2,0.1263
-117.6548,33.8846,351.9,1.6,0.3,0.2869
-117.6079,33.8623,386.6,0.8,0.0,-0.1198
-117.5609,33.8400,351.9,2.6,0.6,0.5041
-117.5140,33.8177,386.6,0.8,0.3,0.1480
-117.4671,33.7953,385.1,0.0,0.0,-0.2504
-117.4202,33.7729,518.9,0.0,0.0,-0.2134
-117.3733,33.7505,518.9,0.0,0.0,-0.1290
-117.3265,33.7281,710.1,0.0,0.0,-0.0564
-117.2797,33.7057,710.1,0.0,0.0,-0.0461
-117.2329,33.6832,386.6,0.0,0.0,-0.0692
-119.0493,34.5846,468.4,3.0,0.1,0.5132
-119.0016,34.5629,385.1,0.3,0.2,0.5071
-118.9539,34.5411,468.4,5.7,0.1,0.3288
-118.9062,34.5193,468.4,0.3,0.1,0.2549
-118.8586,34.4975,385.1,1.2,0.1,0.3412
-118.8109,34.4757,385.1,2.0,0.1,0.4390
-118.7633,34.4538,385.1,2.1,0.3,0.6894
-118.7158,34.4320,385.1,3.3,0.3,0.7179
-118.6682,34.4101,351.9,4.4,0.3,0.7863
-118.6207,34.3882,385.1,3.6,0.3,0.8612
-118.5732,34.3662,385.1,2.9,0.3,0.8328
-118.5257,34.3443,468.4,1.0,0.3,0.6207
-118.4782,34.3223,351.9,4.5,0.1,0.3298
-118.4308,34.3004,386.6,2.8,0.3,0.6335
-118.3834,34.2784,351.9,1.4,0.1,0.1463
-118.3360,34.2563,468.4,0.3,0.1,-0.0502
-118.2886,34.2343,710.1,0.3,0.1,-0.3365
-118.2413,34.2123,351.9,0.3,0.1,-0.2608
-118.1940,34.1902,710.1,0.3,0.1,-0.3364
-118.1467,34.1681,386.6,0.8,0.1,-0.2107
-118.0994,34.1460,386.6,1.5,0.2,0.0060
-118.0522,34.1238,293.5,1.9,0.2,0.2920
-118.0050,34.1017,351.9,3.0,0.3,0.4350
-117.9578,34.0795,293.5,3.0,0.4,0.5902
-117.9106,34.0573,386.6,2.4,0.2,0.3420
-117.8634,34.0351,468.4,1.6,0.1,0.1609
-117.8163,34.0129,468.4,1.1,0.1,0.1084
-117.7692,33.9907,385.1,1.1,0.2,0.1489
-117.7222,33.9684,385.1,1.8,0.2,0.1002
-117.6751,33.9461,468.4,1.9,0.2,0.0324
-117.6281,33.9238,386.6,3.2,0.2,-0.0013
-117.5811,33.9015,444.0,0.3,0.1,-0.0737
-117.5341,33.8792,386.6,0.3,0.1,-0.0441
-117.4872,33.8568,710.1,0.0,0.0,-0.1140
-117.3933,33.8121,710.1,0.0,0.0,-0.0539
-117.3465,33.7896,710.1,0.0,0.0,-0.0271
-117.2996,33.7672,710.1,0.0,0.0,-0.0407
-117.2528,33.7448,710.1,0.0,0.0,-0.0969
-117.2060,33.7223,386.6,0.0,0.0,-0.1516
-119.0230,34.6241,710.1,0.0,0.0,0.2561
-118.9753,34.6023,710.1,0.3,0.1,0.2815
-118.9276,34.5805,468.4,0.3,0.1,0.2911
-118.8799,34.5587,468.4,0.3,0.1,0.3398
-118.8322,34.5369,468.4,0.5,0.1,0.3674
-118.7846,34.5151,385.1,2.0,0.1,0.4699
-118.7369,34.4932,385.1,2.5,0.3,0.7060
-118.6893,34.4714,385.1,3.8,0.3,0.6545
-118.6418,34.4495,444.0,3.4,0.1,0.4184
-118.5942,34.4276,351.9,4.1,0.5,0.8830
-118.5467,34.4056,293.5,2.1,0.5,0.9689
-118.4992,34.3837,351.9,2.1,0.3,0.5908
-118.4517,34.3617,710.1,5.9,0.1,0.1559
-118.4043,34.3397,710.1,3.4,0.1,0.1572
-118.3568,34.3177,710.1,3.1,0.1,0.1712
-118.3094,34.2957,710.1,3.5,0.1,-0.0942
-118.2621,34.2736,710.1,0.3,0.1,-0.1799
-118.2147,34.2516,710.1,0.3,0.1,-0.2072
-118.1674,34.2295,710.1,0.3,0.1,-0.1904
-118.1201,34.2074,710.1,0.8,0.1,-0.1733
-118.0728,34.1853,710.1,1.4,0.1,-0.1099
-118.0255,34.1631,351.9,1.6,0.1,0.0812
-117.9783,34.1410,351.9,1.8,0.2,0.1384
-117.9311,34.1188,293.5,2.0,0.2,0.2197
-117.8839,34.0966,293.5,1.7,0.2,0.3018
-117.8368,34.0744,385.1,0.8,0.2,0.1092
-117.7896,34.0521,293.5,0.3,0.2,0.1312
-117.7425,34.0299,293.5,0.5,0.2,0.1192
-117.6954,34.0076,293.5,1.1,0.2,0.1459
-117.6484,33.9853,293.5,0.6,0.2,0.0277
-117.6013,33.9630,293.5,0.3,0.2,-0.0132
-117.5543,33.9407,386.6,0.3,0.1,-0.1603
-117.5073,33.9183,710.1,0.3,0.1,-0.1337
-117.4604,33.8960,386.6,0.3,0.3,0.2743
-117.4134,33.8736,710.1,0.0,0.0,-0.0853
-117.3665,33.8512,710.1,0.0,0.0,-0.0169
-117.3196,33.8288,386.6,0.0,0.0,0.0080
-117.2727,33.8063,710.1,0.0,0.0,-0.1385
-117.2259,33.7839,386.6,0.0,0.0,-0.2292
-117.1791,33.7614,386.6,0.0,0.0,-0.2749
-118.9967,34.6636,710.1,0.0,0.0,0.2109
-118.9490,34.6418,710.1,0.0,0.0,0.2377
-118.9012,34.6200,710.1,0.3,0.1,0.2839
-118.8535,34.5982,468.4,0.3,0.1,0.2737
-118.8058,34.5764,385.1,0.3,0.1,0.3090
-118.7582,34.5545,385.1,0.3,0.1,0.4302
-118.7105,34.5327,385.1,0.3,0.1,0.4448
-118.6629,34.5108,468.4,0.3,0.3,0.4792
-118.6153,34.4889,293.5,1.8,0.3,0.5334
-118.5678,34.4669,444.0,2.0,0.1,0.3484
-118.5202,34.4450,444.0,2.0,0.1,0.3609
-118.4727,34.4230,293.5,2.0,0.3,0.6157
-118.4252,34.4011,468.4,1.6,0.1,0.2689
-118.3777,34.3791,710.1,0.3,0.1,0.1151
-118.3303,34.3570,710.1,0.3,0.1,0.0821
-118.2829,34.3350,710.1,0.3,0.1,0.0245
-118.2355,34.3130,710.1,0.3,0.1,-0.0113
-118.1881,34.2909,710.1,0.3,0.1,-0.0149
-118.1408,34.2688,710.1,0.0,0.0,-0.0505
-118.0934,34.2467,710.1,0.7,0.0,0.0070
-118.0461,34.2245,710.1,1.1,0.0,0.0125
-117.9989,34.2024,710.1,1.3,0.1,-0.0415
-117.9516,34.1802,710.1,1.3,0.1,-0.0824
-117.9044,34.1580,710.1,2.0,0.1,-0.0680
-117.8572,34.1358,351.9,1.3,0.2,0.1691
-117.8100,34.1136,518.9,0.8,0.2,0.1176
-117.7629,34.0913,293.5,0.6,0.2,0.0565
-117.7158,34.0691,293.5,0.8,0.2,0.0594
-117.6687,34.0468,293.5,0.5,0.2,0.0249
-117.6216,34.0245,293.5,0.5,0.2,-0.0398
-117.5745,34.0022,293.5,0.3,0.2,-0.0849
-117.5275,33.9799,386.6,0.3,0.1,-0.2466
-117.4805,33.9575,386.6,0.3,0.1,-0.2284
-117.4335,33.9351,386.6,0.3,0.1,-0.1897
-117.3866,33.9127,386.6,0.3,0.3,0.1666
-117.3396,33.8903,710.1,0.0,0.0,-0.0607
-117.2927,33.8679,710.1,0.0,0.0,-0.0802
-117.2458,33.8455,386.6,0.0,0.0,-0.3149
-117.1990,33.8230,386.6,0.0,0.0,-0.4437
-117.1522,33.8005,386.6,0.0,0.0,-0.3933
-118.9704,34.7030,710.1,0.0,0.0,0.1228
-118.9226,34.6812,710.1,0.0,0.0,0.0831
-118.8748,34.6594,710.1,0.0,0.0,0.0275
-118.8271,34.6376,710.1,0.0,0.0,0.0306
-118.7794,34.6158,710.1,5.0,0.1,0.1252
-118.7317,34.5939,468.4,0.3,0.3,0.5511
-118.6841,34.5721,385.1,0.3,0.3,0.4848
-118.6364,34.5502,385.1,1.6,0.3,0.3540
-118.5413,34.5063,468.4,2.0,0.2,0.3480
-118.4937,34.4844,468.4,2.0,0.1,0.2361
-118.4462,34.4624,468.4,2.0,0.1,0.1611
-118.3987,34.4404,351.9,1.6,0.1,0.1334
-118.3512,34.4184,710.1,0.7,0.1,0.0101
-118.3037,34.3964,710.1,0.3,0.1,0.0352
-118.2563,34.3743,710.1,0.3,0.1,0.0481
-118.2089,34.3523,710.1,0.3,0.1,0.0353
-118.1615,34.3302,710.1,0.3,0.1,0.0196
-118.1141,34.3081,351.9,0.6,0.0,0.0118
-118.0668,34.2860,710.1,0.8,0.0,0.0138
-118.0195,34.2638,710.1,1.1,0.0,-0.0235
-117.9722,34.2416,710.1,1.1,0.0,-0.0992
-117.9249,34.2195,710.1,1.1,0.1,-0.0382
-117.8777,34.1973,710.1,0.8,0.1,0.0347
-117.8305,34.1751,710.1,1.1,0.1,0.0058
-117.7833,34.1528,710.1,0.3,0.1,-0.1357
-117.7361,34.1306,386.6,1.1,0.1,-0.2145
-117.6890,34.1083,351.9,1.1,0.1,-0.1410
-117.6419,34.0860,351.9,0.7,0.3,0.0379
-117.5948,34.0637,293.5,0.4,0.2,-0.1167
-117.5477,34.0414,293.5,0.3,0.2,-0.1562
-117.5007,34.0190,386.6,0.3,0.1,-0.4541
-117.4536,33.9966,710.1,0.3,0.1,-0.3702
-117.4067,33.9743,351.9,0.3,0.2,-0.2187
-117.3597,33.9519,386.6,0.3,0.1,-0.1419
-117.3127,33.9294,710.1,0.0,0.0,-0.1850
-117.2658,33.9070,386.6,0.0,0.0,-0.2220
-117.2189,33.8846,293.5,0.0,0.0,-0.3718
-117.1252,33.8396,293.5,0.0,0.0,-0.3748
-118.9440,34.7425,710.1,0.0,0.0,0.0120
-118.8962,34.7207,468.4,0.0,0.0,-0.1287
-118.8484,34.6989,468.4,0.0,0.0,-0.1965
-118.8007,34.6771,468.4,0.0,0.0,-0.1459
-118.7530,34.6552,385.1,0.0,0.0,-0.1077
-118.7053,34.6334,468.4,0.3,0.3,0.3233
-118.6576,34.6115,468.4,0.3,0.3,0.3003
-118.6100,34.5896,468.4,0.3,0.1,0.0465
-118.5623,34.5676,468.4,0.3,0.1,0.0721
-118.5147,34.5457,710.1,0.3,0.1,0.1285
-118.4672,34.5237,710.1,0.3,0.1,0.0389
-118.4196,34.5018,468.4,0.3,0.1,-0.0433
-118.3721,34.4798,385.1,1.9,0.1,-0.1939
-118.3246,34.4577,468.4,1.1,0.1,0.0337
-118.2771,34.4357,710.1,0.8,0.3,0.3015
-118.2297,34.4136,710.1,0.6,0.1,-0.0090
-118.1822,34.3916,710.1,0.7,0.1,-0.0293
-118.1348,34.3695,710.1,0.8,0.0,-0.1485
-118.0875,34.3474,710.1,0.6,0.0,-0.1330
-118.0401,34.3252,710.1,0.7,0.0,-0.1166
-117.9928,34.3031,710.1,0.8,0.0,-0.1322
-117.9455,34.2809,710.1,0.8,0.0,-0.1283
-117.8982,34.2587,710.1,0.6,0.0,-0.0703
-117.8510,34.2365,710.1,0.0,0.0,0.0558
-117.8037,34.2143,710.1,0.8,0.1,0.0589
-117.7565,34.1920,710.1,0.8,0.0,-0.1726
-117.7093,34.1698,710.1,1.1,0.0,-0.3240
-117.6622,34.1475,351.9,1.1,0.3,-0.0104
-117.6151,34.1252,386.6,1.1,0.3,-0.0802
-117.5679,34.1029,293.5,0.4,0.3,0.0186
-117.5209,34.0805,293.5,0.6,0.2,-0.1923
-117.4738,34.0582,293.5,0.3,0.2,-0.2714
-117.4268,34.0358,710.1,0.3,0.1,-0.5544
-117.3798,34.0134,386.6,0.3,0.1,-0.2897
-117.3328,33.9910,386.6,0.3,0.1,-0.1607
-117.2858,33.9686,710.1,0.0,0.0,-0.3107
-117.2389,33.9461,386.6,0.0,0.0,-0.3368
-117.1920,33.9237,351.9,0.8,0.0,-0.4608
-117.1451,33.9012,710.1,0.8,0.0,-0.5455
-117.0982,33.8787,293.5,0.9,0.0,-0.3523
-118.9176,34.7819,710.1,0.0,0.0,-0.0283
-118.8698,34.7602,468.4,0.0,0.0,-0.1327
-118.8220,34.7383,351.9,0.0,0.0,-0.1592
-118.7742,34.7165,468.4,0.0,0.0,-0.1920
-118.7265,34.6946,468.4,0.0,0.0,-0.1721
-118.6788,34.6728,468.4,0.0,0.0,-0.1286
-118.6311,34.6509,710.1,0.3,0.1,-0.0692
-118.5834,34.6290,710.1,0.3,0.1,-0.0957
-118.5358,34.6070,710.1,0.3,0.1,-0.0891
-118.4882,34.5851,385.1,0.3,0.1,0.0880
-118.4406,34.5631,710.1,0.3,0.1,0.0108
-118.3930,34.5411,710.1,0.3,0.1,-0.1073
-118.3455,34.5191,386.6,1.2,0.0,-0.2451
-118.2980,34.4971,385.1,1.1,0.0,-0.1692
-118.2505,34.4750,518.9,0.8,0.0,-0.1575
-118.2030,34.4530,386.6,0.8,0.0,-0.2268
-118.1556,34.4309,710.1,0.8,0.0,-0.3024
-118.1082,34.4088,710.1,0.8,0.0,-0.2423
-118.0608,34.3866,710.1,0.6,0.0,-0.1547
-118.0134,34.3645,710.1,0.7,0.0,-0.1400
-117.9661,34.3423,710.1,0.6,0.0,-0.1304
-117.9188,34.3202,710.1,0.0,0.0,-0.1110
-117.8715,34.2980,710.1,0.0,0.0,-0.0484
-117.8242,34.2757,710.1,0.0,0.0,0.0146
-117.7769,34.2535,710.1,0.6,0.0,-0.0480
-117.7297,34.2312,710.1,0.8,0.0,-0.2046
-117.6825,34.2090,710.1,1.1,0.0,-0.3563
-117.6354,34.1867,710.1,1.2,0.0,-0.4707
-117.5882,34.1644,351.9,1.1,0.3,-0.0223
-117.5411,34.1420,351.9,0.8,0.3,-0.0027
-117.4940,34.1197,293.5,0.5,0.2,-0.1584
-117.4469,34.0973,293.5,0.5,0.2,-0.2518
-117.3999,34.0749,293.5,0.3,0.2,-0.2577
-117.3528,34.0525,386.6,0.3,0.1,-0.2795
-117.3059,34.0301,351.9,0.3,0.1,-0.1565
-117.2589,34.0077,386.6,0.3,0.1,-0.1023
-117.2119,33.9852,710.1,0.8,0.0,-0.3126
-117.1650,33.9627,386.6,1.3,0.0,-0.3627
-117.1181,33.9403,468.4,1.5,0.0,-0.3807
-117.0712,33.9177,351.9,1.7,0.0,-0.3219
-118.8912,34.8214,351.9,0.0,0.0,0.0555
-118.8434,34.7996,710.1,0.0,0.0,-0.0151
-118.7956,34.7778,468.4,0.0,0.0,-0.0571
-118.7478,34.7559,710.1,0.7,0.0,-0.1951
-118.7000,34.7341,710.1,0.8,0.0,-0.2048
-118.6523,34.7122,710.1,0.0,0.0,-0.0942
-118.6046,34.6903,710.1,0.0,0.0,-0.0768
-118.5569,34.6683,710.1,0.3,0.1,-0.1141
-118.5093,34.6464,710.1,0.3,0.1,-0.1474
-118.4616,34.6244,710.1,0.0,0.0,-0.2083
-118.4140,34.6025,710.1,0.0,0.0,-0.2315
-118.3664,34.5805,710.1,0.0,0.0,-0.2552
-118.3189,34.5584,710.1,0.0,0.0,-0.2286
-118.2714,34.5364,710.1,0.6,0.0,-0.1967
-118.2239,34.5143,710.1,0.7,0.0,-0.2794
-118.1764,34.4923,518.9,0.8,0.0,-0.5111
-118.1289,34.4702,710.1,0.8,0.0,-0.5586
-118.0815,34.4481,710.1,0.7,0.0,-0.2756
-118.0341,34.4259,710.1,0.0,0.0,-0.1337
-117.9867,34.4038,710.1,0.0,0.0,-0.1263
-117.9393,34.3816,710.1,0.0,0.0,-0.1189
-117.8920,34.3594,710.1,0.0,0.0,-0.1147
-117.8447,34.3372,710.1,0.0,0.0,-0.0916
-117.7974,34.3150,710.1,0.0,0.0,-0.0840
-117.7501,34.2927,710.1,0.0,0.0,-0.1469
-117.7029,34.2705,710.1,0.7,0.0,-0.2965
-117.6557,34.2482,710.1,1.1,0.0,-0.4251
-117.6085,34.2259,710.1,1.4,0.0,-0.4477
-117.5613,34.2035,710.1,1.4,0.0,-0.4102
-117.5142,34.1812,710.1,1.1,0.1,-0.3238
-117.4671,34.1589,351.9,0.9,0.3,0.0710
-117.4200,34.1365,351.9,0.8,0.3,-0.0470
-117.3729,34.1141,386.6,0.6,0.3,-0.0831
-117.3259,34.0917,293.5,1.1,0.2,-0.0433
-117.2789,34.0692,293.5,2.0,0.3,0.1747
-117.2319,34.0468,351.9,0.9,0.2,0.1423
-117.1849,34.0243,444.0,1.1,0.3,0.2773
-117.1380,34.0018,351.9,1.6,0.3,0.2587
-117.0911,33.9793,351.9,2.0,0.0,-0.1877
-117.0442,33.9568,444.0,2.4,0.0,-0.2423
-118.8647,34.8608,710.1,0.0,0.0,0.0551
-118.8169,34.8390,710.1,0.0,0.0,0.0241
-118.7691,34.8172,468.4,0.8,0.0,-0.0642
-118.7213,34.7953,386.6,1.4,0.0,-0.2139
-118.6735,34.7735,351.9,1.4,0.0,-0.2535
-118.6258,34.7516,710.1,0.9,0.0,-0.2383
-118.5781,34.7297,710.1,0.0,0.0,-0.2717
-118.5304,34.7077,710.1,0.0,0.0,-0.3510
-118.4827,34.6858,710.1,0.0,0.0,-0.4024
-118.4350,34.6638,710.1,0.0,0.0,-0.4103
-118.3874,34.6418,710.1,0.0,0.0,-0.4161
-118.3398,34.6198,710.1,0.0,0.0,-0.3800
-118.2922,34.5978,710.1,0.0,0.0,-0.3529
-118.2447,34.5757,710.1,0.0,0.0,-0.3530
-118.1972,34.5537,710.1,0.0,0.0,-0.4720
-118.1497,34.5316,710.1,0.0,0.0,-0.6527
-118.1022,34.5095,351.9,0.6,0.0,-0.5642
-118.0548,34.4873,710.1,0.0,0.0,-0.4092
-118.0073,34.4652,710.1,0.0,0.0,-0.3036
-117.9599,34.4430,710.1,0.0,0.0,-0.2440
-117.9126,34.4208,710.1,0.0,0.0,-0.2478
-117.8652,34.3986,710.1,0.0,0.0,-0.3000
-117.8179,34.3764,710.1,0.0,0.0,-0.3154
-117.7706,34.3542,710.1,0.0,0.0,-0.2648
-117.7233,34.3319,710.1,0.0,0.0,-0.3204
-117.6761,34.3097,710.1,0.6,0.0,-0.5035
-117.6288,34.2874,710.1,1.1,0.0,-0.6414
-117.5816,34.2650,710.1,1.4,0.0,-0.6238
-117.5345,34.2427,710.1,1.6,0.0,-0.5251
-117.4873,34.2204,710.1,1.3,0.0,-0.3404
-117.4402,34.1980,351.9,1.1,0.0,-0.1964
-117.3931,34.1756,351.9,1.1,0.4,0.2356
-117.3460,34.1532,293.5,1.2,0.3,0.2292
-117.2989,34.1308,293.5,1.0,0.3,0.2318
-117.2519,34.1083,293.5,0.4,0.2,0.1171
-117.2049,34.0859,293.5,0.6,0.2,0.2331
-117.1579,34.0634,293.5,1.5,0.3,0.4393
-117.1110,34.0409,386.6,2.1,0.3,0.3296
-117.0641,34.0184,351.9,2.4,0.3,0.2921
-117.0172,33.9959,710.1,2.5,0.0,-0.1965
-118.8383,34.9003,710.1,0.0,0.0,0.0745
-118.7904,34.8785,710.1,0.0,0.0,0.0091
-118.7426,34.8566,710.1,0.9,0.0,-0.1265
-118.6948,34.8348,386.6,1.5,0.0,-0.3078
-118.6470,34.8129,351.9,1.8,0.0,-0.4005
-118.5992,34.7910,293.5,1.5,0.0,-0.3666
-118.5515,34.7690,386.6,1.4,0.0,-0.4929
-118.5038,34.7471,351.9,1.0,0.0,-0.5368
-118.4561,34.7251,351.9,0.8,0.0,-0.5847
-118.4084,34.7032,386.6,0.8,0.0,-0.6231
-118.3608,34.6812,386.6,0.8,0.0,-0.6177
-118.3132,34.6591,386.6,0.0,0.0,-0.5479
-118.2656,34.6371,351.9,0.0,0.0,-0.5048
-118.2180,34.6150,710.1,0.0,0.0,-0.5717
-118.1705,34.5930,293.5,0.0,0.0,-0.5325
-118.1230,34.5709,293.5,0.0,0.0,-0.5526
-118.0755,34.5487,351.9,0.0,0.0,-0.5889
-118.0280,34.5266,710.1,0.0,0.0,-0.6202
-117.9806,34.5045,351.9,0.0,0.0,-0.4964
-117.9332,34.4823,351.9,0.0,0.0,-0.3704
-117.8858,34.4601,444.0,0.6,0.0,-0.4166
-117.8384,34.4379,351.9,0.0,0.0,-0.5625
-117.7911,34.4157,386.6,0.0,0.0,-0.5831
-117.7437,34.3934,710.1,0.0,0.0,-0.4388
-117.6965,34.3711,710.1,0.6,0.0,-0.4894
-117.6492,34.3489,710.1,0.8,0.0,-0.7761
-117.6020,34.3265,710.1,1.2,0.0,-0.9148
-117.5547,34.3042,710.1,1.5,0.0,-0.8884
-117.5075,34.2819,710.1,1.6,0.0,-0.7008
-117.4604,34.2595,386.6,1.4,0.0,-0.2561
-117.4132,34.2371,351.9,1.2,0.3,0.3820
-117.3661,34.2147,386.6,1.4,0.3,0.4241
-117.3190,34.1923,351.9,1.4,0.3,0.4369
-117.2720,34.1699,351.9,1.6,0.3,0.3303
-117.2249,34.1475,351.9,1.2,0.1,0.1020
-117.1779,34.1250,386.6,1.1,0.2,0.2182
-117.1309,34.1025,351.9,1.5,0.3,0.4227
-117.0839,34.0800,386.6,1.8,0.3,0.3355
-117.0370,34.0575,386.6,1.8,0.3,0.2918
-116.9901,34.0349,710.1,2.0,0.0,-0.1432
-118.8118,34.9397,710.1,0.0,0.0,0.0950
-118.7639,34.9179,710.1,0.0,0.0,0.0373
-118.7161,34.8960,710.1,0.7,0.0,-0.0879
-118.6682,34.8742,386.6,1.2,0.0,-0.2523
-118.6204,34.8523,351.9,1.6,0.0,-0.3628
-118.5726,34.8304,351.9,1.6,0.0,-0.4655
-118.5249,34.8084,293.5,2.3,0.0,-0.4782
-118.4772,34.7865,293.5,3.8,0.0,-0.5301
-118.4295,34.7645,386.6,2.4,0.0,-0.6428
-118.3818,34.7425,710.1,1.4,0.0,-0.7300
-118.3341,34.7205,386.6,1.2,0.0,-0.7099
-118.2865,34.6985,293.5,1.1,0.0,-0.6068
-118.2389,34.6764,293.5,0.7,0.0,-0.5886
-118.1913,34.6543,293.5,0.8,0.0,-0.5920
-118.1438,34.6323,293.5,0.7,0.0,-0.6076
-118.0962,34.6102,293.5,0.0,0.0,-0.6191
-118.0487,34.5880,293.5,0.0,0.0,-0.6290
-118.0012,34.5659,293.5,0.0,0.0,-0.6171
-117.9538,34.5437,293.5,0.0,0.0,-0.5351
-117.9064,34.5215,293.5,0.7,0.0,-0.4648
-117.8590,34.4993,351.9,0.7,0.0,-0.5765
-117.8116,34.4771,351.9,0.7,0.0,-0.7038
-117.7642,34.4549,351.9,0.7,0.0,-0.6724
-117.7169,34.4326,351.9,0.8,0.0,-0.5545
-117.6696,34.4103,351.9,1.0,0.0,-0.6104
-117.6223,34.3880,351.9,1.2,0.0,-0.7940
-117.5750,34.3657,351.9,1.4,0.0,-0.8561
-117.5278,34.3434,351.9,1.5,0.0,-0.8298
-117.4806,34.3210,351.9,1.4,0.0,-0.6269
-117.4334,34.2987,710.1,1.3,0.0,-0.3571
-117.3863,34.2763,710.1,1.3,0.0,-0.1728
-117.3391,34.2539,468.4,1.4,0.0,-0.0063
-117.2920,34.2315,710.1,1.6,0.0,-0.0130
-117.2449,34.2090,710.1,1.6,0.0,-0.0751
-117.1979,34.1865,710.1,1.4,0.0,-0.0674
-117.1509,34.1641,710.1,1.4,0.0,-0.0146
-117.1039,34.1416,710.1,1.4,0.0,-0.0059
-117.0569,34.1191,710.1,1.4,0.0,-0.0495
-117.0099,34.0965,385.1,1.4,0.0,-0.0411
-116.9630,34.0740,710.1,1.6,0.0,-0.0800
-118.7853,34.9792,386.6,0.0,0.0,0.1483
-118.7374,34.9573,710.1,0.0,0.0,0.1020
-118.6895,34.9355,710.1,0.0,0.0,0.0067
-118.6417,34.9136,710.1,0.8,0.0,-0.1387
-118.5938,34.8917,386.6,1.1,0.0,-0.2561
-118.5460,34.8697,351.9,1.5,0.0,-0.3996
-118.4983,34.8478,351.9,1.9,0.0,-0.4846
-118.4505,34.8258,228.2,2.5,0.0,-0.3264
-118.4028,34.8039,228.2,1.6,0.0,-0.3837
-118.3551,34.7819,293.5,1.3,0.0,-0.6098
-118.3074,34.7598,293.5,1.2,0.0,-0.6582
-118.2598,34.7378,293.5,1.1,0.0,-0.6749
-118.2122,34.7157,386.6,1.3,0.0,-0.7379
-118.1646,34.6937,228.2,1.5,0.0,-0.5123
-118.1170,34.6716,293.5,1.4,0.0,-0.6502
-118.0695,34.6494,228.2,1.1,0.0,-0.5950
-118.0219,34.6273,228.2,0.7,0.0,-0.5945
-117.9745,34.6051,293.5,0.0,0.0,-0.6264
-117.9270,34.5830,293.5,0.6,0.0,-0.5662
-117.8795,34.5608,293.5,0.6,0.0,-0.5753
-117.8321,34.5386,293.5,0.7,0.0,-0.6220
-117.7847,34.5163,351.9,0.7,0.0,-0.7237
-117.7373,34.4941,351.9,0.9,0.0,-0.7053
-117.6900,34.4718,351.9,1.1,0.0,-0.6697
-117.6427,34.4495,351.9,1.3,0.0,-0.6793
-117.5954,34.4272,351.9,1.5,0.0,-0.6836
-117.5481,34.4049,386.6,1.6,0.0,-0.7019
-117.5009,34.3826,386.6,1.6,0.0,-0.6768
-117.4536,34.3602,351.9,1.5,0.0,-0.5645
-117.4064,34.3378,351.9,1.4,0.0,-0.4983
-117.3593,34.3154,351.9,1.4,0.0,-0.3555
-117.3121,34.2930,710.1,1.5,0.0,-0.1893
-117.2650,34.2706,710.1,1.4,0.0,-0.1064
-117.2179,34.2481,710.1,1.4,0.0,-0.0952
-117.1708,34.2256,710.1,1.4,0.0,-0.0618
-117.1238,34.2032,710.1,1.7,0.0,-0.0005
-117.0768,34.1806,710.1,1.6,0.0,0.0300
-117.0298,34.1581,468.4,1.4,0.0,0.0655
-116.9828,34.1356,710.1,1.1,0.0,0.0242
-116.9359,34.1130,710.1,1.4,0.0,-0.0253
-118.7587,35.0186,351.9,0.0,0.0,0.1686
-118.7108,34.9967,710.1,0.0,0.0,0.1052
-118.6629,34.9749,710.1,0.0,0.0,0.0213
-118.6151,34.9530,710.1,0.6,0.0,-0.0962
-118.5672,34.9311,386.6,0.8,0.0,-0.2143
-118.5194,34.9091,386.6,0.8,0.0,-0.3585
-118.4716,34.8872,386.6,1.0,0.0,-0.4438
-118.4239,34.8652,293.5,1.1,0.0,-0.4128
-118.3761,34.8432,293.5,1.0,0.0,-0.4922
-118.3284,34.8212,228.2,1.1,0.0,-0.4693
-118.2807,34.7992,228.2,1.1,0.0,-0.5327
-118.2331,34.7771,228.2,1.2,0.0,-0.5668
-118.1854,34.7550,386.6,1.5,0.0,-0.7597
-118.1378,34.7330,386.6,1.9,0.0,-0.7438
-118.0902,34.7108,228.2,1.9,0.0,-0.5763
-118.0427,34.6887,293.5,1.5,0.0,-0.7479
-117.9951,34.6666,293.5,1.1,0.0,-0.7274
-117.9476,34.6444,293.5,0.7,0.0,-0.6537
-117.9001,34.6222,351.9,0.7,0.0,-0.6798
-117.8527,34.6000,710.1,0.7,0.0,-0.7396
-117.8052,34.5778,293.5,0.6,0.0,-0.6654
-117.7578,34.5556,293.5,0.7,0.0,-0.6796
-117.7105,34.5333,293.5,1.0,0.0,-0.6682
-117.6631,34.5110,293.5,1.4,0.0,-0.6477
-117.6158,34.4887,351.9,1.5,0.0,-0.6773
-117.5684,34.4664,351.9,1.6,0.0,-0.6314
-117.5212,34.4441,351.9,1.8,0.0,-0.6145
-117.4739,34.4217,351.9,1.7,0.0,-0.5903
-117.4267,34.3993,386.6,1.6,0.0,-0.5781
-117.3794,34.3770,351.9,1.4,0.0,-0.5472
-117.3323,34.3545,386.6,1.4,0.0,-0.4322
-117.2851,34.3321,293.5,1.4,0.0,-0.1842
-117.2380,34.3097,710.1,1.3,0.0,-0.1807
-117.1908,34.2872,710.1,1.2,0.0,-0.1263
-117.1438,34.2647,710.1,1.3,0.0,-0.0689
-117.0967,34.2422,710.1,1.7,0.0,-0.0052
-117.0497,34.2197,710.1,1.8,0.0,0.0359
-117.0027,34.1972,710.1,1.6,0.0,0.0602
-116.9557,34.1746,386.6,1.4,0.0,0.0694
-116.9087,34.1520,710.1,1.4,0.0,-0.0034
