-119.336999976,34.1500010364,0.00784069,NaN,NaN,4.6,0
-119.289458115,34.1283572771,-0.0157343,NaN,NaN,0,0
-119.241939758,34.1066940424,-0.0618488,NaN,NaN,0,0
-119.194444913,34.0850113761,-0.136854,NaN,NaN,0,0
-119.146973585,34.063309322,-0.274769,NaN,NaN,0,0
-119.099525778,34.041587924,-0.459976,NaN,NaN,0.6,0
-119.052101499,34.019847226,-0.592329,NaN,NaN,1.1,0
-119.004700752,33.9980872718,-0.657511,NaN,NaN,1.05,0
-118.957323543,33.9763081053,-0.675019,NaN,NaN,1.15,0
-118.909969877,33.9545097704,-0.659778,NaN,NaN,1.45,0
-118.86263942,33.9326923162,-0.62384,NaN,NaN,1.9,0
-118.815332853,33.9108557762,-0.578002,NaN,NaN,2.1,0
-118.768049843,33.8890001996,-0.53128,NaN,NaN,1.8,0
-118.720790395,33.8671256304,-0.488621,NaN,NaN,1.35,0
-118.673554511,33.8452321126,-0.450657,NaN,NaN,1.1,0
-118.626342198,33.8233196901,-0.417509,NaN,NaN,1.1,0
-118.579153458,33.801388407,-0.39244,NaN,NaN,1.15,0
-118.531988297,33.7794383072,-0.38115,NaN,NaN,1.2,0
-118.484846717,33.7574694348,-0.38934,NaN,NaN,1.4,0
-118.437728722,33.7354818338,-0.423856,NaN,NaN,1.6,0
-118.390634316,33.7134755483,-0.38517,NaN,NaN,1.7,0
-118.343563503,33.6914506223,-0.288753,NaN,NaN,1.5,0
-118.296516285,33.6694071,-0.23892,NaN,NaN,1.3,0
-118.24949233,33.6473450287,-0.218175,NaN,NaN,1.9,0.4
-118.202492314,33.6252644457,-0.211051,NaN,NaN,2.4,0.5
-118.155515903,33.6031653985,-0.198965,NaN,NaN,2.9,0.7
-118.1085631,33.5810479314,-0.174283,NaN,NaN,3.45,1.25
-118.061633908,33.5589120884,-0.14587,NaN,NaN,3.6,1.4
-118.01472833,33.5367579137,-0.133822,NaN,NaN,2.8,0
-117.967846367,33.5145854513,-0.148566,NaN,NaN,2.3,0
-117.920988023,33.4923947456,-0.177829,NaN,NaN,1.75,0
-117.8741533,33.4701858406,-0.202973,NaN,NaN,1.4,0
-117.827342199,33.4479587805,-0.217282,NaN,NaN,1.2,0
-117.780554724,33.4257136095,-0.22448,NaN,NaN,1.1,0
-117.733790875,33.4034503717,-0.23125,NaN,NaN,1.15,0
-117.687050655,33.3811691115,-0.240744,NaN,NaN,1.35,0
-117.640334066,33.358869873,-0.250784,NaN,NaN,1.5,0
-117.593641108,33.3365527004,-0.263445,NaN,NaN,1.5,0
-117.546971785,33.314217638,-0.313535,NaN,NaN,1.45,0
-117.500326096,33.2918647299,-0.410929,NaN,NaN,1.2,0
-119.310966774,34.1895354099,0.0573853,NaN,NaN,4.8,1.5
-119.263408189,34.1678823141,0.0335653,NaN,NaN,4.4,0.9
-119.215873173,34.1462097316,-0.02028,228.2,NaN,3.65,0.7
-119.168361732,34.1245177061,-0.0938888,228.2,280,3.25,0.75
-119.120873871,34.1028062817,-0.285033,176.1,280,2.7,0.95
-119.073409595,34.0810755023,-0.555958,NaN,NaN,3.05,0.35
-119.02596891,34.0593254116,-0.673902,NaN,NaN,3.1,0.35
-118.978551822,34.0375560537,-0.713066,NaN,NaN,2.8,0.35
-118.931158334,34.0157674726,-0.705723,NaN,NaN,0,0
-118.883788453,33.9939597122,-0.666441,NaN,NaN,0.8,0
-118.836441844,33.9721328215,-0.608461,NaN,NaN,1.45,0
-118.789119188,33.9502868343,-0.544346,NaN,NaN,1.85,0
-118.741820153,33.9284217997,-0.486229,NaN,NaN,1.6,0
-118.694544742,33.9065377619,-0.437806,NaN,NaN,1.25,0
-118.64729296,33.8846347647,-0.393679,NaN,NaN,1.2,0
-118.600064768,33.8627105985,-0.349685,NaN,NaN,1.2,0
-118.552860257,33.8407698149,-0.311002,NaN,NaN,1.15,0
-118.505679386,33.8188102042,-0.286411,NaN,NaN,1.1,0
-118.458522159,33.7968318106,-0.275847,NaN,NaN,1.3,0
-118.411388581,33.774834678,-0.256001,386.6,390,1.4,0
-118.364278655,33.7528188505,-0.184544,385.1,390,1.5,0
-118.317192384,33.7307843724,-0.147462,386.6,390,1.6,0
-118.270129771,33.7087312878,-0.121817,NaN,NaN,1.7,0.35
-118.223090483,33.686659644,-0.129459,NaN,NaN,2.1,0.85
-118.176075197,33.6645694785,-0.149247,NaN,NaN,2.85,0.85
-118.129083578,33.6424608389,-0.145859,NaN,NaN,3.15,1
-118.08211563,33.6203337694,-0.110715,NaN,NaN,3.15,1.05
-118.035171355,33.5981883141,-0.0624396,NaN,NaN,3.4,1.1
-117.988250756,33.5760245173,-0.0493702,NaN,NaN,3.1,0.65
-117.941353835,33.5538424231,-0.0913849,NaN,NaN,2.4,0
-117.894480595,33.5316420757,-0.149421,NaN,NaN,1.9,0
-117.847631038,33.5094235195,-0.186425,NaN,NaN,1.6,0
-117.800805165,33.4871867986,-0.202679,NaN,NaN,1.45,0
-117.75400298,33.4649319572,-0.210578,NaN,NaN,1.4,0
-117.707224483,33.4426590396,-0.224662,NaN,NaN,1.5,0
-117.660469677,33.4203680901,-0.248841,NaN,NaN,1.55,0
-117.613738564,33.3980591529,-0.272885,NaN,NaN,2,0
-117.567031144,33.3757322724,-0.275621,386.6,387,1.45,0
-117.520347419,33.3533874927,-0.345047,468.4,390,1.1,0
-117.473687391,33.3310248582,-0.489983,468.4,390,0,0
-119.284909948,34.229062758,0.111136,NaN,NaN,6.15,1.15
-119.237334634,34.2074003001,0.0846435,293.5,280,4.35,0.75
-119.189782954,34.1857183442,-0.000618639,228.2,280,3.7,0.55
-119.142254913,34.1640169341,-0.156934,228.2,280,2.6,0.55
-119.094750515,34.1422961138,-0.416713,228.2,280,2.45,0.7
-119.047269766,34.1205559273,-0.657205,385.1,390,2.2,0.35
-118.999812672,34.0987964186,-0.740107,518.9,515,1.9,0.35
-118.952379238,34.0770176317,-0.747646,385.1,390,2.35,0.35
-118.904969468,34.0552196105,-0.714775,385.1,515,2.2,0.35
-118.857583368,34.0334023991,-0.649701,NaN,NaN,0,0
-118.810220604,34.0115660465,-0.569524,385.1,390,0.9,0
-118.762881857,33.9897105866,-0.486341,NaN,NaN,1.2,0
-118.715566793,33.9678360688,-0.42274,NaN,NaN,1.15,0
-118.668275416,33.9459425369,-0.378079,NaN,NaN,1.25,0
-118.621007732,33.9240300352,-0.332024,NaN,NaN,1.2,0
-118.573763743,33.9020986076,-0.271685,NaN,NaN,1.1,0
-118.526543455,33.8801482985,-0.211371,NaN,NaN,1.05,0.55
-118.47934687,33.8581791518,-0.170126,NaN,NaN,0.9,0.35
-118.432173992,33.8361912116,-0.138424,NaN,NaN,1.7,0.55
-118.385024826,33.8141845223,-0.0803201,386.6,387,1.75,0.6
-118.337899375,33.7921591279,-0.0370247,351.9,387,2.1,0.65
-118.290797641,33.7701150725,0.00487283,386.6,387,2.3,0.75
-118.243719629,33.7480524005,0.026404,225.6,NaN,2.45,0.95
-118.196665003,33.7259711592,-0.0337078,NaN,NaN,2.95,0.9
-118.149634443,33.7038713862,-0.0924839,NaN,NaN,3.1,0.85
-118.102627612,33.6817531292,-0.0937418,NaN,NaN,3.3,0.8
-118.055644515,33.6596164323,-0.0373292,NaN,NaN,3.4,0.7
-118.008685154,33.6374613397,0.0593481,NaN,NaN,3.5,0.8
-117.96174953,33.6152878958,0.0716593,NaN,NaN,3.4,0.35
-117.914837647,33.5930961448,-0.0327741,NaN,NaN,3.1,0.35
-117.867949508,33.570886131,-0.132205,NaN,NaN,1.9,0
-117.821085113,33.5486578986,-0.169888,NaN,NaN,1.7,0
-117.774244465,33.526411492,-0.183922,NaN,NaN,1.65,0
-117.727427567,33.5041469553,-0.190132,468.4,390,1.7,0
-117.680634419,33.4818643331,-0.221731,351.9,349,1.9,0
-117.633865024,33.4595636695,-0.280588,385.1,390,2.2,0
-117.587119383,33.4372450088,-0.354248,385.1,390,3.65,0
-117.540397498,33.4149083955,-0.427094,385.1,515,1.45,0
-117.49369937,33.3925538738,-0.536682,468.4,515,0,0
-117.447025,33.3701814881,-0.635117,386.6,515,0,0
-119.258829555,34.2685875614,0.172606,293.5,280,6.1,0.85
-119.211237506,34.246915716,0.152566,293.5,280,6.55,0.65
-119.163669155,34.2252243613,0.0269819,228.2,280,3.65,0.55
-119.116124506,34.2035135412,-0.247158,228.2,280,2.45,0.55
-119.068603565,34.1817832997,-0.518657,228.2,349,3.2,0.35
-119.021106337,34.1600336808,-0.679224,518.9,515,2.45,0.15
-118.973632828,34.1382647287,-0.747892,385.1,390,1.75,0.15
-118.926183041,34.1164764873,-0.727407,518.9,515,0.35,0.15
-118.878756983,34.0946690007,-0.678964,518.9,515,0.35,0.15
-118.831354658,34.072842313,-0.591954,468.4,515,0.35,0.35
-118.783975733,34.0509964733,-0.494488,385.1,390,0,0
-118.736620888,34.0291315156,-0.393464,NaN,NaN,0,0
-118.68928979,34.0072474891,-0.339252,NaN,NaN,0.6,0
-118.641982443,33.985344438,-0.320185,NaN,NaN,0.75,0
-118.594698851,33.9634224064,-0.280675,NaN,NaN,0.85,0
-118.547439018,33.9414814386,-0.189037,NaN,NaN,1.85,1
-118.500202948,33.9195215785,-0.0947498,NaN,NaN,1.85,1.05
-118.452990646,33.8975428705,-0.0476409,NaN,NaN,1.85,1.05
-118.405802113,33.8755453588,-0.0275926,351.9,387,2.2,0.95
-118.358637356,33.8535290875,0.000338785,386.6,387,2.45,0.9
-118.311496375,33.8314941009,0.0397671,386.6,387,3,0.8
-118.264379176,33.8094404432,0.149688,386.6,387,3.35,0.75
-118.217285761,33.7873681587,0.206242,228.2,236,3.4,0.7
-118.170215796,33.7652772948,0.0652422,386.6,387,3.7,0.7
-118.123169958,33.7431678892,-0.0197903,NaN,NaN,3.85,0.65
-118.076147913,33.7210399896,-0.0201367,293.5,280,3.1,0.65
-118.029149664,33.6988936402,0.0595319,176.1,280,3.5,0.6
-117.982175213,33.6767288854,0.24205,228.2,280,3.85,0.55
-117.935224563,33.6545457694,0.233912,386.6,387,3.85,0.35
-117.888297716,33.6323443366,0.0150467,NaN,NaN,3.25,0.35
-117.841394674,33.6101246313,-0.110015,385.1,390,2,0
-117.79451544,33.5878866978,-0.122797,468.4,390,1.9,0
-117.747660015,33.5656305805,-0.14062,468.4,390,1.95,0
-117.700828402,33.5433563238,-0.147137,385.1,390,2.05,0
-117.654020602,33.5210639719,-0.218897,385.1,390,2.2,0
-117.607236616,33.4987535693,-0.336638,385.1,390,2.5,0
-117.560476447,33.4764251603,-0.491789,386.6,515,3.65,0
-117.513740095,33.4540787894,-0.67947,502.5,540,1.05,0
-117.467027562,33.4317145009,-0.792584,351.9,540,0,0
-117.42033885,33.4093323392,-0.797999,518.9,748,0,0
-119.23272541,34.3081052896,0.240789,385.1,390,5.95,0.35
-119.185116623,34.2864240311,0.262029,351.9,390,7.15,0.8
-119.137531596,34.264723252,0.131376,228.2,280,2.45,0.4
-119.089970336,34.2430029963,-0.183304,386.6,390,2.25,0.35
-119.042432848,34.221263308,-0.435378,293.5,387,3.25,0.55
-118.994919136,34.1995042312,-0.562899,518.9,515,3.25,0.35
-118.947429207,34.1777258102,-0.602974,386.6,349,0.35,0.35
-118.899963065,34.1559280888,-0.597404,351.9,349,0.35,0.35
-118.852520715,34.1341111114,-0.548811,351.9,515,0.35,0.35
-118.805102162,34.112274922,-0.460172,518.9,515,0.35,0.15
-118.757707072,34.0904195696,-0.355177,468.4,390,0,0
-118.710336127,34.0685450886,-0.259485,468.4,390,0,0
-118.662988991,34.0466515282,-0.236118,468.4,390,0,0
-118.61566567,34.0247389324,-0.289415,NaN,NaN,0,0
-118.568366168,34.0028073457,-0.27299,NaN,NaN,2.15,0.9
-118.521090488,33.9808568121,-0.103557,NaN,NaN,1.85,0.75
-118.473838635,33.9588873759,0.0453478,NaN,NaN,1.85,0.8
-118.426610612,33.9368990813,0.0687828,386.6,387,3.4,0.8
-118.379406423,33.9148919727,0.0516241,386.6,387,3.75,0.75
-118.332226072,33.8928660942,0.0649112,386.6,387,3.85,0.6
-118.285069561,33.8708214902,0.0838114,386.6,387,4,0.6
-118.237936894,33.8487582049,0.224777,351.9,387,3.95,0.6
-118.190828074,33.8266762826,0.346842,386.6,387,4.3,0.65
-118.143742767,33.8045757709,0.263305,386.6,387,3.05,0.65
-118.09668165,33.7824567076,0.204856,228.2,280,3.2,0.65
-118.04964439,33.7603191403,0.191214,228.2,280,3.55,0.65
-118.002630987,33.7381631134,0.276729,228.2,280,4.2,0.65
-117.955641446,33.7159886712,0.392035,228.2,280,4.45,0.55
-117.908675768,33.693795858,0.333447,293.5,280,4.15,0.45
-117.861733956,33.6715847184,0.137437,386.6,387,2.85,0.35
-117.814816012,33.6493552966,0.0541491,468.4,390,2.1,0
-117.767921937,33.627107637,0.0383466,468.4,609,2,0
-117.721051735,33.604841784,-0.00628132,385.1,390,2.1,0
-117.674205406,33.5825577822,-0.0763614,385.1,390,2,0
-117.627382952,33.5602556757,-0.21958,385.1,390,1.6,0
-117.580584376,33.5379355092,-0.431523,468.4,515,1.2,0
-117.533809678,33.515597327,-0.657989,502.5,540,0,0
-117.487058859,33.4932411736,-0.862495,502.5,540,0,0
-117.440331922,33.4708670934,-0.943727,518.9,748,0,0
-117.393628867,33.4484751309,-0.918396,710.1,748,0,0
-119.20659757,34.3476204235,0.288396,385.1,390,4.75,0.35
-119.158972036,34.3259297264,0.399277,385.1,455,6.35,0.65
-119.111370328,34.3042194974,0.288426,293.5,280,6.3,0.35
-119.063792449,34.2824897806,-0.0652577,386.6,390,5.2,0.35
-119.016238407,34.2607406202,-0.287559,444,455,2.5,0.35
-118.968708206,34.2389720601,-0.35463,386.6,387,3.15,0.35
-118.921201851,34.2171841447,-0.381452,518.9,515,2.65,0.35
-118.873719348,34.1953769181,-0.399007,386.6,349,0.35,0.35
-118.8262607,34.1735504244,-0.368897,385.1,390,0.35,0.35
-118.778825913,34.1517047079,-0.296825,518.9,515,2.25,0.35
-118.731414652,34.1298398176,-0.21099,385.1,390,1.85,0.15
-118.6840276,34.107955788,-0.100798,518.9,390,1,0.1
-118.636664422,34.0860526683,-0.117478,468.4,515,0.35,0.35
-118.589325122,34.0641305027,-0.326942,502.5,748,0,0
-118.542009704,34.0421893354,-0.38293,386.6,390,3,0.35
-118.494718173,34.0202292109,0.00878506,386.6,387,2.95,0.65
-118.447450531,33.9982501733,0.226229,293.5,280,4.55,0.6
-118.400206783,33.9762522669,0.147583,386.6,387,4.65,0.6
-118.352986932,33.9542355362,0.100016,386.6,387,4.25,0.6
-118.305790982,33.9322000253,0.149428,386.6,387,3.4,0.6
-118.258618936,33.9101457787,0.245597,386.6,387,3.6,0.65
-118.211470797,33.8880728407,0.441805,228.2,280,4.25,0.75
-118.164346568,33.8659812556,0.530017,228.2,280,4.5,0.8
-118.117245915,33.843871071,0.49016,228.2,280,4.6,0.8
-118.070169516,33.8217423248,0.43567,228.2,280,4.55,0.8
-118.023117035,33.7995950648,0.41243,228.2,280,4.75,0.8
-117.976088476,33.7774293352,0.464384,228.2,280,4.8,0.7
-117.929083841,33.7552451806,0.480492,228.2,280,4.9,0.6
-117.882103131,33.7330426453,0.403826,293.5,280,4.65,0.45
-117.835146351,33.7108217738,0.251102,228.2,280,2.05,0.35
-117.7882135,33.6885826105,0.196543,293.5,280,1.8,0.35
-117.741304582,33.6663251999,0.188986,293.5,280,1.5,0
-117.694419599,33.6440495864,0.111003,386.6,390,1.5,0
-117.647558552,33.6217558144,-0.0294106,385.1,390,1.45,0
-117.600721442,33.5994439286,-0.253076,468.4,515,1.05,0
-117.553908272,33.5771139732,-0.568462,502.5,748,0,0
-117.507119043,33.554765993,-0.812332,502.5,540,0,0
-117.460353756,33.5324000322,-0.978636,518.9,748,0,0
-117.413612411,33.5100161355,-1.03108,710.1,748,0,0
-117.366895012,33.4876143474,-0.982882,351.9,748,0,0
-119.180445852,34.3871284322,0.25383,385.1,390,3.15,0.35
-119.132803567,34.365428271,0.349795,385.1,390,5.15,0.35
-119.085185172,34.3437085665,0.253272,293.5,280,6.6,1
-119.037590672,34.321969363,0.0214068,385.1,390,1.25,0.35
-118.990020072,34.3002107047,-0.114903,444,455,2.55,0.35
-118.942473377,34.2784326358,-0.166942,444,349,3.15,0.35
-118.894950593,34.2566352005,-0.184747,444,455,3.1,0.35
-118.847451724,34.234818443,-0.142339,468.4,390,1,0.35
-118.799976775,34.2129824076,-0.14546,502.5,540,0.35,0.35
-118.752525751,34.1911271386,-0.221568,502.5,390,2.9,0.05
-118.705098317,34.1692526848,-0.185278,385.1,390,2.65,0.1
-118.657695155,34.1473590812,0.00908719,385.1,390,2.3,0.1
-118.610315931,34.1254463767,-0.0128055,385.1,390,1.75,0.1
-118.56296065,34.1035146158,-0.412547,468.4,748,0.35,0.15
-118.515629314,34.0815638427,-0.655522,710.1,748,0.35,0.15
-118.468321928,34.0595941018,-0.15818,386.6,387,0.45,0.35
-118.421038495,34.0376054374,0.211945,293.5,387,4.5,0.65
-118.37377902,34.015597894,0.142948,444,280,3.95,0.6
-118.326543505,33.9935715158,0.160655,386.6,280,4.45,0.7
-118.279331954,33.9715263473,0.280873,293.5,280,5.35,0.85
-118.232144371,33.9494624328,0.45437,228.2,280,5.7,0.9
-118.184980758,33.9273798168,0.639199,228.2,280,5.6,0.9
-118.137841119,33.9052785437,0.604767,228.2,280,5.35,0.9
-118.090725118,33.8831586609,0.493409,228.2,280,4.65,0.8
-118.043633435,33.8610202067,0.402723,228.2,280,4.55,0.8
-117.996565733,33.8388632287,0.409505,228.2,280,3.7,0.7
-117.949522015,33.8166877714,0.443423,228.2,280,4.15,0.65
-117.902502285,33.7944938792,0.44753,228.2,280,3.05,0.5
-117.855506543,33.7722815967,0.353415,293.5,280,3.5,0.35
-117.808534793,33.7500509682,0.190711,293.5,280,1.85,0.35
-117.761587036,33.7278020384,0.11532,351.9,280,1.45,0
-117.714663274,33.7055348516,0.142626,502.5,540,1.15,0
-117.667763509,33.6832494525,0.0636837,468.4,390,1.15,0
-117.620887743,33.6609458855,-0.157583,468.4,390,1.05,0
-117.574035977,33.6386241952,-0.44212,468.4,387,0.35,0
-117.527208214,33.6162844262,-0.717648,502.5,748,0,0
-117.480404453,33.5939266229,-0.91599,710.1,748,0,0
-117.433624696,33.5715508299,-1.01592,710.1,748,0,0
-117.386868946,33.5491570918,-1.03387,710.1,748,0,0
-117.340137201,33.5267454532,-0.993272,710.1,748,0,0
-119.154270307,34.4266337968,0.121931,385.1,390,1.7,0.4
-119.106611265,34.4049241458,0.176791,351.9,390,4,0.35
-119.058976177,34.3831949403,0.156142,385.1,390,6.05,0.45
-119.011365048,34.3614462247,0.0890517,293.5,280,6.3,1.1
-118.963777884,34.3396780431,0.0852472,385.1,390,1.6,0.35
-118.91621469,34.3178904399,0.0267696,386.6,390,2.85,0.35
-118.86867547,34.2960834592,0.0155238,444,390,3.25,0.35
-118.82116023,34.2742571455,0.165673,518.9,515,2.05,0.35
-118.773668974,34.2524115429,0.0621633,351.9,387,0.95,0.35
-118.726201706,34.2305466959,-0.281921,468.4,515,0.35,0.35
-118.678758093,34.2086626534,-0.25975,502.5,540,0.35,0.05
-118.631338816,34.1867594503,0.14692,293.5,280,2.6,0.25
-118.583943542,34.1648371358,0.27011,385.1,280,2.1,0.25
-118.536572273,34.1428957542,-0.17967,502.5,390,0.5,0.1
-118.489225013,34.12093535,-0.377408,710.1,748,0.35,0.35
-118.441901768,34.0989559675,-0.422715,710.1,748,0.35,0.1
-118.394602539,34.0769576511,-0.228033,351.9,280,5.05,0.35
-118.347327332,34.0549404452,0.165161,386.6,387,2.35,0.35
-118.300076148,34.0329043944,0.235624,293.5,280,2.45,0.4
-118.252848993,34.010849543,0.37801,293.5,280,4.4,0.6
-118.205645868,33.9887759355,0.525708,293.5,280,5.05,0.75
-118.158466777,33.9666836163,0.612495,228.2,280,4.95,0.8
-118.111311723,33.9445726299,0.515202,228.2,280,4.25,0.75
-118.064180371,33.9224430238,0.301366,386.6,390,3.65,0.7
-118.017073399,33.9002948365,0.207503,386.6,387,3.1,0.65
-117.969990472,33.8781281155,0.256725,351.9,387,3.2,0.65
-117.922931593,33.8559429053,0.306793,228.2,280,4.5,0.65
-117.875896763,33.8337392505,0.344364,293.5,280,3.55,0.5
-117.828885986,33.8115171957,0.241149,293.5,280,2.1,0.35
-117.781899263,33.7892767852,-0.00288735,518.9,387,1.8,0
-117.734936596,33.7670180638,-0.0854431,385.1,390,1.35,0
-117.687997987,33.744741076,0.0353585,468.4,515,1.05,0
-117.641083438,33.7224458663,-0.052546,502.5,540,0.85,0
-117.59419295,33.7001324793,-0.384433,710.1,748,0.8,0
-117.547326526,33.6778009596,-0.622084,518.9,748,0,0
-117.500484165,33.6554513519,-0.790101,710.1,748,0,0
-117.453665871,33.6330837006,-0.934604,710.1,748,0,0
-117.406871643,33.6106980506,-0.958914,710.1,748,0,0
-117.360101483,33.5882944462,-0.984183,710.1,748,0,0
-117.313355392,33.5658729322,-0.967405,710.1,748,0,0
-119.128070757,34.4661319862,-0.0689516,385.1,515,1.75,0.15
-119.080394953,34.4444128197,-0.0653813,385.1,515,4,0.15
-119.032743168,34.4226740877,0.00698011,386.6,390,4.45,0.15
-118.985115407,34.4009158342,0.224898,351.9,387,6.2,0.9
-118.937511675,34.3791381037,0.44937,293.5,390,6.05,1.05
-118.889931977,34.3573409405,0.410792,385.1,390,1.2,0.35
-118.842376318,34.335524389,0.353695,385.1,390,2.15,0.35
-118.794844703,34.3136884934,0.308841,468.4,515,2,0.35
-118.747337136,34.2918332981,0.0591832,468.4,515,1.35,0.35
-118.699853622,34.2699588476,-0.262709,385.1,515,0.9,0.35
-118.652393827,34.2480651908,-0.196762,502.5,540,0.35,0.05
-118.604958772,34.2261523583,0.215085,293.5,280,2.55,0.1
-118.557547104,34.2042204127,0.411484,293.5,280,2.55,0.25
-118.510159845,34.182269385,0.247699,293.5,280,1.85,0.25
-118.46279666,34.1602993242,0.0502474,293.5,280,1.65,0.4
-118.415457552,34.1383102746,-0.137464,385.1,390,1,0.25
-118.368142526,34.1163022808,0.012431,710.1,515,5.1,0.35
-118.320851584,34.0942753872,0.279645,293.5,280,2.05,0.35
-118.27358473,34.0722296383,0.238371,385.1,390,2,0.35
-118.226341967,34.0501650787,0.273493,351.9,280,2.25,0.35
-118.179123299,34.0280817528,0.247481,386.6,387,2.45,0.45
-118.131928728,34.0059797052,0.334656,386.6,387,2.9,0.55
-118.084758258,33.9838589803,0.287866,228.2,280,3.7,0.6
-118.037611553,33.9617196257,0.188261,351.9,349,3.65,0.6
-117.990489291,33.93956168,0.124076,386.6,387,3.6,0.6
-117.943391138,33.9173851907,0.147912,351.9,349,3.65,0.6
-117.896317096,33.8951902025,0.200672,385.1,387,3.95,0.55
-117.849267167,33.8729767599,0.228638,386.6,387,2.45,0.45
-117.802241353,33.8507449075,0.121417,351.9,354,2.25,0.35
-117.755239656,33.82849469,-0.0834137,385.1,390,1.75,0
-117.708262079,33.8062261519,-0.159641,468.4,515,1.45,0
-117.661308622,33.7839393379,-0.156885,502.5,540,1.15,0
-117.614379288,33.7616342925,-0.277596,351.9,748,1.1,0
-117.567474079,33.7393110605,-0.373626,710.1,748,1.05,0
-117.520592995,33.7169696865,-0.435741,710.1,748,0.65,0
-117.473736039,33.6946102151,-0.574592,710.1,748,0,0
-117.42690321,33.672232691,-0.708458,710.1,748,0,0
-117.380094511,33.6498371588,-0.842579,386.6,748,0,0
-117.333309943,33.6274236633,-0.929102,386.6,387,0,0
-117.286549505,33.6049922491,-0.92709,293.5,387,0,0
-119.10184725,34.5056274814,-0.266355,385.1,515,0.35,0.15
-119.054154678,34.4838987739,-0.349524,385.1,515,0.35,0.15
-119.006486189,34.4621504896,-0.166794,468.4,515,4,0.1
-118.958841789,34.4403826728,0.384207,468.4,390,6.05,0.1
-118.911221483,34.4185953679,0.751198,385.1,390,6.1,0.55
-118.863625275,34.3967886193,0.714481,351.9,280,6.1,1.2
-118.816053171,34.3749624713,0.590788,468.4,390,1.15,0.35
-118.768505175,34.3531169684,0.313525,351.9,390,1.6,0.35
-118.720981292,34.331252155,0.0358213,444,390,1.7,0.35
-118.673481527,34.3093680755,-0.2087,385.1,515,0.75,0.35
-118.626005883,34.2874647745,-0.159308,502.5,540,0.35,0.05
-118.578554365,34.2655422963,0.156373,386.6,455,2.75,0.05
-118.531126638,34.2436006897,0.34508,386.6,280,2.95,0.35
-118.483723384,34.2216399906,0.426282,293.5,280,3.1,0.35
-118.436344268,34.1996602478,0.421452,293.5,280,2.5,0.35
-118.388989293,34.1776615058,0.384375,293.5,280,1.2,0.35
-118.341658464,34.1556438093,0.424667,293.5,280,1,0.45
-118.294351783,34.1336072026,0.344612,518.9,390,0.35,0.1
-118.247069254,34.1115517305,0.465442,386.6,280,1.25,0.3
-118.19981088,34.0894774373,0.304491,385.1,390,2,0.35
-118.152576664,34.0673843678,0.212057,386.6,387,2,0.35
-118.105366609,34.0452725665,0.287554,468.4,387,3.4,0.5
-118.058180718,34.0231420779,0.337234,293.5,280,4.65,0.5
-118.011018656,34.0009929496,0.219169,468.4,390,4.75,0.35
-117.963881102,33.9788252203,0.134456,468.4,390,4.25,0.35
-117.916767719,33.9566389376,0.12485,385.1,390,2.3,0.35
-117.86967851,33.9344341463,0.152293,385.1,390,2.4,0.35
-117.822613478,33.9122108908,0.159384,385.1,390,2.4,0.35
-117.775572624,33.8899692158,0.0808462,351.9,390,2.25,0.35
-117.72855595,33.8677091661,-0.0491472,386.6,390,2.3,0.35
-117.681563459,33.8454307863,-0.161352,468.4,515,1.4,0
-117.634595152,33.8231341211,-0.309972,710.1,748,1.25,0
-117.587651031,33.8008192151,-0.375355,710.1,748,1.2,0
-117.540731097,33.778486113,-0.135414,710.1,748,1.15,0
-117.493835351,33.7561348596,-0.109445,386.6,349,0.7,0
-117.446963796,33.7337654996,-0.262488,386.6,387,0,0
-117.400116431,33.7113780776,-0.451106,351.9,349,0,0
-117.353293259,33.6889726385,-0.775216,351.9,349,0,0
-117.306494279,33.6665492269,-0.902835,351.9,748,0,0
-117.259719494,33.6441078875,-0.877757,710.1,748,0,0
-119.075599609,34.5451157512,-0.392361,385.1,515,3,0.35
-119.027890264,34.523377477,-0.423484,468.4,515,0.35,0.15
-118.980205068,34.5016196148,-0.185223,468.4,515,5.3,0.1
-118.932544025,34.479842209,0.255786,468.4,515,6.15,0.05
-118.884907141,34.458045304,0.512688,468.4,390,5.8,0.15
-118.83729442,34.4362289442,0.584556,385.1,390,6.2,0.2
-118.789705867,34.4143931742,0.50805,293.5,354,6,1.15
-118.742141487,34.3925380384,0.328286,385.1,390,4.55,0.35
-118.694601285,34.3706635812,0.144849,468.4,390,3.7,0.35
-118.647085264,34.3487698472,-0.0379504,468.4,390,1.7,0.35
-118.59959343,34.326856881,0.00464106,385.1,390,0.55,0.35
-118.552125786,34.3049247269,0.221584,385.1,390,2.5,0.1
-118.504681997,34.2829734338,0.388963,351.9,280,3.55,0.35
-118.457262745,34.2610030377,0.423226,386.6,349,2.55,0.35
-118.409867696,34.2390135875,0.562321,293.5,280,2.45,0.35
-118.362496852,34.2170051277,0.556173,293.5,280,1.3,0.35
-118.315150218,34.1949777029,0.51922,351.9,280,0.75,0.65
-118.267827795,34.1729313578,0.379526,351.9,280,0.5,0.15
-118.220529589,34.150866137,0.351326,351.9,349,0.35,0.35
-118.173255602,34.128782085,0.302018,386.6,390,1.2,0.35
-118.126005837,34.1066792465,0.323037,386.6,387,1.8,0.15
-118.078780297,34.0845576662,0.443815,293.5,280,2.15,0.3
-118.031578984,34.0624173886,0.480284,228.2,280,3.95,0.4
-117.984401564,34.0402584612,0.372891,228.2,349,4.2,0.35
-117.937248715,34.0180809231,0.284535,468.4,390,2.45,0.2
-117.890120101,33.9958848218,0.213173,293.5,349,1.85,0.25
-117.843015725,33.973670202,0.187195,351.9,390,1.65,0.2
-117.795935588,33.9514371084,0.174278,468.4,390,1.55,0.2
-117.748879694,33.9291855858,0.12566,468.4,390,2.35,0.2
-117.701848043,33.9069156787,0.0449779,468.4,390,2,0.2
-117.654840638,33.884627432,-0.0602964,351.9,354,1.55,0.35
-117.60785748,33.8623208904,-0.20055,386.6,387,0.75,0
-117.56089857,33.8399960987,-0.239201,351.9,387,2.65,0.55
-117.513963912,33.8176531015,-0.176416,386.6,387,0.85,0.35
-117.467053504,33.7952919437,-0.261497,385.1,515,0,0
-117.42016735,33.77291267,-0.36311,518.9,748,0,0
-117.37330545,33.7505153252,-0.565503,518.9,748,0,0
-117.326467804,33.7280999541,-0.807627,710.1,748,0,0
-117.279654414,33.7056666015,-0.874067,710.1,748,0,0
-117.232865281,33.6832153121,-0.800312,386.6,349,0,0
-119.04932788,34.5846012766,-0.443585,468.4,515,3,0.15
-119.001601757,34.5628534101,-0.412333,385.1,515,0.35,0.2
-118.953899846,34.5410859444,-0.259139,468.4,515,5.65,0.1
-118.906222154,34.5192989239,-0.0578272,468.4,515,0.35,0.05
-118.858568686,34.4974923933,0.11983,385.1,390,1.25,0.1
-118.810939445,34.4756663969,0.255197,385.1,390,2.05,0.15
-118.763334438,34.4538209793,0.312225,385.1,390,2.1,0.35
-118.715753669,34.431956185,0.360553,385.1,390,3.3,0.35
-118.668197141,34.4100720586,0.314236,351.9,354,4.4,0.35
-118.62066486,34.3881686446,0.166773,385.1,390,3.6,0.35
-118.57315683,34.3662459877,0.168866,385.1,390,2.85,0.35
-118.525673054,34.3443041323,0.306331,468.4,390,1,0.35
-118.478213198,34.3223431273,0.442235,351.9,349,4.55,0.15
-118.430777944,34.3003630088,0.30228,386.6,349,2.8,0.35
-118.383366956,34.2783638257,0.328715,351.9,349,1.35,0.1
-118.335980238,34.2563456228,0.324659,468.4,390,0.35,0.15
-118.288617794,34.2343084445,0.291518,710.1,748,0.35,0.05
-118.241279626,34.2122523356,0.25267,351.9,349,0.35,0.1
-118.193965738,34.1901773407,0.236282,710.1,748,0.35,0.05
-118.146676134,34.1680835046,0.271696,386.6,387,0.75,0.1
-118.099410815,34.1459708718,0.35066,386.6,387,1.5,0.2
-118.052169785,34.1238394872,0.472039,293.5,280,1.95,0.25
-118.004953047,34.1016893954,0.556279,351.9,280,3.05,0.35
-117.957760264,34.0795206437,0.525061,293.5,280,3,0.4
-117.910592117,34.0573332716,0.422808,386.6,387,2.35,0.25
-117.863448269,34.0351273265,0.279069,468.4,390,1.65,0.15
-117.816328722,34.0129028531,0.236245,468.4,390,1.1,0.15
-117.769233478,33.9906598963,0.227512,385.1,390,1.15,0.2
-117.722162539,33.9683985007,0.203745,385.1,390,1.8,0.2
-117.675115908,33.9461187112,0.177451,468.4,390,1.85,0.2
-117.628093586,33.9238205726,0.0981305,386.6,387,3.25,0.2
-117.581095574,33.9015041296,-0.0280886,444,387,0.35,0.15
-117.534121875,33.879169427,-0.170231,386.6,387,0.35,0.15
-117.487172488,33.8568165097,-0.450533,710.1,748,0,0
-117.440247417,33.8344454225,-0.62277,NaN,748,0,0
-117.393346662,33.8120562101,-0.662324,710.1,748,0,0
-117.346470223,33.7896489175,-0.779547,710.1,748,0,0
-117.299618102,33.7672235895,-0.851854,710.1,748,0,0
-117.2527903,33.7447802709,-0.807228,710.1,349,0,0
-117.205986817,33.7223190065,-0.657351,386.6,349,0,0
-119.023031889,34.6240795263,-0.47452,710.1,748,0,0
-118.975288982,34.6023220417,-0.481454,710.1,748,0.35,0.05
-118.927570354,34.5805449467,-0.425587,468.4,515,0.35,0.05
-118.879876009,34.5587482859,-0.320038,468.4,390,0.35,0.1
-118.832205953,34.5369321038,-0.203538,468.4,390,0.5,0.1
-118.784560189,34.5150964451,-0.0835714,385.1,390,2,0.15
-118.736938724,34.4932413542,0.0683942,385.1,390,2.45,0.35
-118.689341562,34.4713668759,0.310982,385.1,390,3.75,0.35
-118.641768706,34.4494730546,0.380057,444,455,3.35,0.15
-118.594220161,34.427559935,0.287703,351.9,354,4.1,0.45
-118.546695932,34.4056275618,0.256631,293.5,354,2.1,0.5
-118.499196023,34.3836759796,0.279705,351.9,455,2.1,0.35
-118.451720097,34.361705237,0.24728,710.1,748,5.9,0.05
-118.404268837,34.3397153706,0.105529,710.1,748,3.35,0.05
-118.356841909,34.3177064292,0.0192718,710.1,748,3.1,0.15
-118.309439315,34.2956784575,0.00929782,710.1,748,3.45,0.05
-118.262061059,34.2736315003,-0.00131124,710.1,748,0.35,0.05
-118.214707144,34.2515656021,-0.0054938,710.1,748,0.35,0.05
-118.167377573,34.2294808078,-0.0138034,710.1,748,0.35,0.05
-118.120072349,34.2073771621,0.0192741,710.1,748,0.75,0.05
-118.072791475,34.1852547097,0.0903291,710.1,748,1.35,0.05
-118.025534954,34.1631134954,0.252134,351.9,387,1.55,0.15
-117.978302789,34.140953564,0.383452,351.9,387,1.8,0.2
-117.931094643,34.1187749628,0.407078,293.5,387,2.05,0.2
-117.883911196,34.0965777313,0.292668,293.5,280,1.7,0.25
-117.836752112,34.074361917,0.250015,385.1,390,0.8,0.2
-117.789617394,34.0521275648,0.261626,293.5,354,0.35,0.2
-117.742507042,34.0298747195,0.253313,293.5,354,0.45,0.2
-117.695421059,34.0076034258,0.235928,293.5,354,1.05,0.25
-117.648359447,33.9853137287,0.221657,293.5,354,0.6,0.2
-117.601322207,33.9630056729,0.147443,293.5,354,0.35,0.2
-117.554309341,33.9406793033,0.0383816,386.6,387,0.35,0.15
-117.507320851,33.9183346648,-0.141049,710.1,748,0.35,0.15
-117.460356738,33.8959718023,-0.408691,386.6,748,0.35,0.35
-117.413417002,33.8735907606,-0.575612,710.1,748,0,0
-117.366501646,33.8511915845,-0.726065,710.1,748,0,0
-117.319610669,33.8287743191,-0.785388,386.6,748,0,0
-117.272744074,33.8063390091,-0.680849,710.1,748,0,0
-117.22590186,33.7838856995,-0.522608,386.6,349,0,0
-117.179084028,33.7614144352,-0.42529,386.6,349,0,0
-118.996711678,34.6635549813,-0.472717,710.1,748,0,0
-118.948951982,34.6417878529,-0.546517,710.1,748,0,0
-118.90121663,34.620001103,-0.522312,710.1,748,0.35,0.05
-118.853505626,34.5981947762,-0.442019,468.4,515,0.35,0.05
-118.805818976,34.5763689172,-0.387369,385.1,515,0.35,0.05
-118.758156684,34.5545235705,-0.343021,385.1,515,0.35,0.1
-118.710518755,34.5326587808,-0.140998,385.1,390,0.35,0.15
-118.662905193,34.5107745928,0.288988,468.4,390,0.35,0.35
-118.615316004,34.4888710511,0.405739,293.5,354,1.75,0.35
-118.56775119,34.4669482004,0.300964,444,455,2.05,0.15
-118.520210757,34.4450060854,0.247777,444,455,2.05,0.15
-118.472694708,34.4230447508,0.2246,293.5,354,2.05,0.35
-118.425202707,34.4010642453,0.133155,468.4,515,1.6,0.15
-118.377735438,34.3790646055,-0.118903,710.1,748,0.35,0.05
-118.330292564,34.3570458804,-0.259754,710.1,748,0.35,0.05
-118.282874089,34.3350081146,-0.250972,710.1,748,0.35,0.05
-118.235480017,34.3129513529,-0.25753,710.1,748,0.35,0.05
-118.188110349,34.2908756401,-0.265715,710.1,748,0.35,0.05
-118.140765091,34.268781021,-0.286744,710.1,748,0,0
-118.093444243,34.2466675403,-0.328242,710.1,748,0.7,0
-118.046147811,34.224535243,-0.267699,710.1,748,1.05,0
-117.998875795,34.2023841737,-0.0824217,710.1,748,1.3,0.05
-117.951628199,34.1802143774,0.0255304,710.1,748,1.3,0.05
-117.904404686,34.1580259013,0.0358066,710.1,748,2.05,0.05
-117.857205936,34.1358187853,0.0161686,351.9,349,1.3,0.2
-117.810031613,34.1135930767,0.175096,518.9,387,0.85,0.25
-117.762881719,34.0913488204,0.26601,293.5,349,0.55,0.2
-117.715756256,34.0690860614,0.244573,293.5,354,0.8,0.2
-117.668655226,34.0468048444,0.239706,293.5,354,0.5,0.2
-117.62157863,34.0245052145,0.215901,293.5,354,0.45,0.2
-117.57452647,34.0021872165,0.15408,293.5,354,0.35,0.2
-117.527498748,33.9798508952,0.078564,386.6,387,0.35,0.15
-117.480495464,33.9574962957,-0.0270811,386.6,387,0.35,0.15
-117.433516621,33.9351234628,-0.103988,386.6,387,0.35,0.15
-117.386562219,33.9127324415,-0.30108,386.6,387,0.35,0.35
-117.339632259,33.8903232767,-0.641194,710.1,748,0,0
-117.292726743,33.8678960134,-0.654615,710.1,748,0,0
-117.245845671,33.8454506965,-0.309886,386.6,349,0,0
-117.198989043,33.822987371,-0.12747,386.6,349,0,0
-117.152156861,33.8005060818,-0.174538,386.6,349,0,0
-118.970367076,34.70302311,-0.380777,710.1,748,0,0
-118.922590586,34.681246312,-0.345267,710.1,748,0,0
-118.874838505,34.6594498814,-0.264716,710.1,748,0,0
-118.827110839,34.6376338629,-0.247909,710.1,748,0,0
-118.779407591,34.6157983011,-0.220129,710.1,748,5,0.05
-118.731728767,34.5939432407,-0.189159,468.4,390,0.35,0.35
-118.684074372,34.5720687265,0.00295184,385.1,390,0.35,0.35
-118.636444408,34.5501748031,0.237084,385.1,390,1.55,0.35
-118.588838882,34.5282615153,0.248519,NaN,390,1.55,0.35
-118.541257797,34.5063289078,0.139313,468.4,390,2,0.25
-118.493701157,34.4843770254,0.103181,468.4,515,2.05,0.15
-118.446168966,34.4624059128,0.166072,468.4,515,2.05,0.15
-118.398660888,34.4404156188,0.11107,351.9,515,1.6,0.15
-118.351177606,34.4184061801,-0.125535,710.1,748,0.65,0.05
-118.303718785,34.3963776456,-0.259763,710.1,748,0.35,0.05
-118.256284427,34.3743300601,-0.314304,710.1,748,0.35,0.05
-118.208874536,34.3522634685,-0.325618,710.1,748,0.35,0.05
-118.161489115,34.3301779156,-0.318049,710.1,748,0.35,0.05
-118.114128167,34.3080734462,-0.329038,351.9,748,0.55,0
-118.066791695,34.2859501052,-0.371471,710.1,748,0.8,0
-118.019479701,34.2638079374,-0.305848,710.1,748,1.1,0
-117.972192189,34.2416469878,-0.214477,710.1,748,1.1,0
-117.924929161,34.2194673012,-0.180327,710.1,748,1.05,0.05
-117.87769028,34.1972689249,-0.233637,710.1,748,0.8,0.05
-117.830476226,34.1750518989,-0.165499,710.1,748,1.1,0.05
-117.783286664,34.1528162707,0.0434925,710.1,748,0.35,0.05
-117.736121594,34.1305620851,0.191788,386.6,748,1.05,0.05
-117.688981019,34.1082893871,0.28243,351.9,354,1.1,0.15
-117.641864941,34.0859982216,0.328142,351.9,354,0.7,0.35
-117.594773361,34.0636886337,0.282929,293.5,354,0.4,0.2
-117.54770628,34.0413606681,0.236971,293.5,354,0.35,0.2
-117.500663701,34.01901437,0.201761,386.6,387,0.35,0.05
-117.453645625,33.9966497843,0.158444,710.1,748,0.35,0.15
-117.406652052,33.974266956,0.0797533,351.9,354,0.35,0.2
-117.359682983,33.95186593,-0.144702,386.6,387,0.35,0.15
-117.312738421,33.9294467514,-0.391998,710.1,748,0,0
-117.265818365,33.9070094651,-0.326903,386.6,349,0,0
-117.218922817,33.8845541163,-0.0311524,293.5,280,0,0
-117.172051776,33.8620807498,0.0800735,NaN,349,0,0
-117.125205244,33.8395894107,0.0034137,293.5,349,0,0
-118.943998122,34.7424883935,-0.239146,710.1,748,0,0
-118.896204833,34.7207019002,-0.00601477,468.4,390,0,0
-118.848436018,34.6988957632,0.103894,468.4,390,0,0
-118.800691683,34.6770700273,0.0662353,468.4,390,0,0
-118.752971832,34.6552247371,0.0805565,385.1,390,0,0
-118.70527647,34.6333599374,0.134759,468.4,390,0.35,0.35
-118.657605601,34.611475673,0.18779,468.4,515,0.35,0.35
-118.60995923,34.5895719887,0.126807,468.4,515,0.35,0.15
-118.562337362,34.5676489292,0.038641,468.4,515,0.35,0.15
-118.51474,34.5457065393,-0.113601,710.1,748,0.35,0.15
-118.467167148,34.523744864,-0.0902537,710.1,748,0.35,0.1
-118.41961881,34.5017639479,0.164896,468.4,515,0.35,0.15
-118.372094649,34.4797638397,0.177039,385.1,515,1.85,0.05
-118.324595351,34.4577445766,-0.01912,468.4,515,1.15,0.15
-118.277120577,34.4357062073,-0.137131,710.1,748,0.85,0.35
-118.229670332,34.4136487767,-0.235208,710.1,748,0.6,0.05
-118.182244618,34.3915723298,-0.23419,710.1,748,0.7,0.05
-118.134843438,34.3694769113,-0.184128,710.1,748,0.75,0
-118.087466797,34.3473625662,-0.208947,710.1,748,0.6,0
-118.040114696,34.3252293395,-0.214641,710.1,748,0.7,0
-117.992787138,34.303077276,-0.186636,710.1,748,0.85,0
-117.945484125,34.2809064206,-0.18647,710.1,748,0.85,0
-117.898205661,34.2587168184,-0.228494,710.1,748,0.55,0
-117.850951409,34.2365085166,-0.338027,710.1,748,0,0
-117.803722048,34.2142815554,-0.265408,710.1,748,0.75,0.05
-117.756517243,34.1920359822,-0.077941,710.1,748,0.8,0
-117.709336994,34.169771842,0.12877,710.1,748,1.05,0
-117.662181304,34.1474891798,0.377116,351.9,354,1.15,0.35
-117.615050175,34.1251880406,0.446303,386.6,387,1.05,0.35
-117.567943608,34.1028684694,0.352654,293.5,354,0.4,0.35
-117.520861604,34.0805305113,0.327176,293.5,354,0.55,0.2
-117.473804165,34.0581742111,0.35611,293.5,280,0.35,0.2
-117.426771293,34.0357996141,0.340709,710.1,748,0.35,0.05
-117.379762988,34.0134067652,0.179262,386.6,280,0.35,0.15
-117.332779251,33.9909957094,0.00556653,386.6,387,0.35,0.15
-117.285820084,33.9685664919,-0.0779563,710.1,748,0,0
-117.238885487,33.9461191577,-0.0311053,386.6,349,0,0
-117.19197546,33.9236537518,0.137468,351.9,349,0.8,0
-117.145090005,33.9011703193,0.194956,710.1,748,0.8,0
-117.098229122,33.8786689054,0.101567,293.5,349,0.9,0
-118.917604646,34.7819463001,-0.191134,710.1,748,0,0
-118.869794553,34.7601500856,0.0116372,468.4,390,0,0
-118.822009001,34.7383342164,0.100802,351.9,390,0,0
-118.774247993,34.7164987372,0.149162,468.4,390,0,0
-118.726511536,34.6946436928,0.167274,468.4,390,0,0
-118.678799632,34.6727691281,0.154309,468.4,390,0,0
-118.631112288,34.6508750877,0.0856388,710.1,748,0.35,0.05
-118.583449507,34.6289616167,0.00985713,710.1,748,0.35,0.05
-118.535811293,34.6070287598,-0.0835464,710.1,748,0.35,0.05
-118.488197651,34.5850765619,-0.192564,385.1,515,0.35,0.15
-118.440608585,34.5631050679,-0.13443,710.1,748,0.35,0.15
-118.393044097,34.5411143226,0.0521825,710.1,748,0.35,0.15
-118.345503852,34.5191043748,0.0457075,386.6,515,1.2,0
-118.297988534,34.4970752616,-0.0448401,385.1,387,1.1,0
-118.250497806,34.4750270319,-0.0689417,518.9,515,0.85,0
-118.203031672,34.4529597307,0.00275919,386.6,748,0.85,0
-118.155590133,34.4308734028,0.0488048,710.1,748,0.85,0
-118.108173194,34.4087680932,-0.0478011,710.1,748,0.8,0
-118.060780857,34.386643847,-0.161526,710.1,748,0.6,0
-118.013413126,34.364500709,-0.168745,710.1,748,0.65,0
-117.966070002,34.3423387242,-0.173531,710.1,748,0.6,0
-117.918751488,34.3201579377,-0.191253,710.1,748,0,0
-117.871457587,34.2979583945,-0.249025,710.1,748,0,0
-117.824187962,34.2757401418,-0.30644,710.1,748,0,0
-117.776943294,34.2535032199,-0.239592,710.1,748,0.55,0
-117.729723244,34.2312476765,-0.0739277,710.1,748,0.85,0
-117.682527816,34.2089735563,0.139151,710.1,748,1.05,0
-117.635357011,34.1866809046,0.340171,710.1,748,1.2,0
-117.58821083,34.1643697664,0.356854,351.9,387,1.15,0.35
-117.541089276,34.1420401867,0.303113,351.9,354,0.8,0.35
-117.493992349,34.1196922107,0.318012,293.5,280,0.45,0.2
-117.446920051,34.0973258833,0.434447,293.5,280,0.45,0.2
-117.399872383,34.0749412498,0.483567,293.5,280,0.35,0.2
-117.352849346,34.0525383551,0.395342,386.6,280,0.35,0.15
-117.305850941,34.0301172444,0.28252,351.9,387,0.35,0.15
-117.25887717,34.0076779629,0.147589,386.6,280,0.35,0.15
-117.211928032,33.9852205555,0.117164,710.1,748,0.8,0
-117.165003528,33.9627450675,0.199474,386.6,349,1.3,0
-117.118103659,33.940251544,0.214721,468.4,455,1.5,0
-117.071228425,33.9177400302,0.134741,351.9,455,1.7,0
-118.891186687,34.8214013107,-0.265317,351.9,748,0,0
-118.843359785,34.7995953494,-0.185945,710.1,748,0,0
-118.795557488,34.7777697222,-0.0614912,468.4,515,0,0
-118.747779802,34.7559244741,0.109065,710.1,748,0.65,0
-118.700026732,34.7340596498,0.158351,710.1,748,0.75,0
-118.652298282,34.7121752942,0.0273991,710.1,748,0,0
-118.604594456,34.6902714523,-0.0389714,710.1,748,0,0
-118.556915259,34.668348169,-0.00275415,710.1,748,0.35,0.05
-118.509260695,34.646405489,-0.0444143,710.1,748,0.35,0.05
-118.461630768,34.6244434575,-0.104663,710.1,748,0,0
-118.414025481,34.6024621192,-0.0966247,710.1,748,0,0
-118.366444839,34.5804615192,-0.0603636,710.1,748,0,0
-118.318888505,34.5584417061,-0.0813187,710.1,748,0,0
-118.271357163,34.5364027173,-0.100206,710.1,349,0.55,0
-118.223850476,34.5143446017,0.0163184,710.1,748,0.7,0
-118.176368447,34.4922674043,0.370899,518.9,515,0.8,0
-118.12891108,34.47017117,0.392378,710.1,748,0.8,0
-118.081478377,34.4480559439,0.0215374,710.1,748,0.65,0
-118.034070341,34.425921771,-0.160384,710.1,748,0,0
-117.986686975,34.4037686964,-0.161339,710.1,748,0,0
-117.939328281,34.381596765,-0.166658,710.1,748,0,0
-117.891994263,34.3594060219,-0.168712,710.1,748,0,0
-117.844684922,34.3371965123,-0.185625,710.1,748,0,0
-117.79739992,34.3149682833,-0.192494,710.1,748,0,0
-117.75013994,34.2927213756,-0.128186,710.1,748,0,0
-117.702904644,34.2704558365,0.0402322,710.1,748,0.65,0
-117.655694033,34.2481717111,0.219215,710.1,748,1.1,0
-117.60850811,34.2258690446,0.278957,710.1,748,1.35,0
-117.561346875,34.2035478821,0.238225,710.1,748,1.35,0
-117.51421033,34.1812082687,0.190793,710.1,748,1.15,0.05
-117.467098478,34.1588502496,0.210565,351.9,280,0.95,0.35
-117.420011318,34.1364738698,0.441415,351.9,280,0.75,0.35
-117.372948852,34.1140791745,0.570928,386.6,280,0.6,0.35
-117.325911081,34.091666209,0.610552,293.5,280,1.05,0.25
-117.278898007,34.0692350183,0.50481,293.5,280,2,0.35
-117.231909628,34.0467856475,0.20539,351.9,280,0.95,0.25
-117.184945948,34.024318142,0.115447,444,387,1.15,0.35
-117.138006965,34.0018325469,0.174173,351.9,280,1.65,0.35
-117.09109268,33.9793289073,0.191596,351.9,387,2.05,0
-117.044203094,33.9568072685,0.126007,444,387,2.35,0
-118.864744076,34.8608488937,-0.368032,710.1,748,0,0
-118.816900359,34.8390331595,-0.293191,710.1,748,0,0
-118.769081315,34.8171977485,-0.103544,468.4,515,0.75,0
-118.721286948,34.7953427055,0.152708,386.6,387,1.4,0
-118.673517262,34.7734680755,0.27649,351.9,354,1.4,0
-118.625772261,34.7515739034,0.208899,710.1,609,0.95,0
-118.578051951,34.7296602341,0.222572,710.1,748,0,0
-118.530356336,34.7077271126,0.257451,710.1,748,0,0
-118.482685419,34.6857745839,0.255101,710.1,748,0,0
-118.435039204,34.6638026929,0.200606,710.1,748,0,0
-118.387417695,34.6418114847,0.176231,710.1,748,0,0
-118.339820897,34.6198010042,0.119739,710.1,748,0,0
-118.292248471,34.5977713002,0.0947791,710.1,748,0,0
-118.244701103,34.5757224102,0.104774,710.1,748,0,0
-118.197178455,34.553654383,0.27056,710.1,748,0,0
-118.14968053,34.5315672638,0.518248,710.1,748,0,0
-118.102207332,34.5094610975,0.463637,351.9,387,0.55,0
-118.054758864,34.4873359293,0.210424,710.1,748,0,0
-118.007335127,34.4651918042,0.0707506,710.1,748,0,0
-117.959936125,34.4430287674,-0.0159251,710.1,748,0,0
-117.912561861,34.4208468638,-0.013694,710.1,748,0,0
-117.865212336,34.3986461387,0.0705274,710.1,748,0,0
-117.817887554,34.3764266372,0.103015,710.1,748,0,0
-117.770587175,34.3541884066,0.0297417,710.1,748,0,0
-117.723311883,34.3319314875,0.0887565,710.1,748,0,0
-117.67606134,34.3096559274,0.321996,710.1,748,0.6,0
-117.628835546,34.2873617714,0.519914,710.1,748,1.1,0
-117.581634503,34.2650490648,0.521131,710.1,748,1.45,0
-117.534458214,34.2427178527,0.404981,710.1,748,1.55,0
-117.48730668,34.2203681803,0.16838,710.1,748,1.3,0
-117.440179901,34.1980000928,0.0786289,351.9,748,1.15,0
-117.39307788,34.1756136353,0.218324,351.9,280,1.15,0.4
-117.346000616,34.1532088531,0.319967,293.5,280,1.2,0.35
-117.298948112,34.1307857915,0.418145,293.5,280,1,0.35
-117.251920368,34.1083444955,0.311109,293.5,280,0.4,0.2
-117.204917384,34.0858850105,0.0884343,293.5,280,0.55,0.2
-117.157939161,34.0634073816,0.0376138,293.5,280,1.5,0.35
-117.1109857,34.0409116542,0.129604,386.6,387,2.1,0.35
-117.064057001,34.0183978735,0.165157,351.9,387,2.35,0.35
-117.017153064,33.9958660847,0.0863971,710.1,748,2.5,0
-118.838276848,34.9002935298,-0.462637,710.1,748,0,0
-118.790416312,34.8784679971,-0.36564,710.1,748,0,0
-118.742580514,34.8566227765,-0.137661,710.1,748,0.95,0
-118.694769459,34.8347579129,0.246623,386.6,387,1.5,0
-118.646983151,34.8128734514,0.455877,351.9,354,1.75,0
-118.599221595,34.790969437,0.50442,293.5,354,1.5,0
-118.551484795,34.7690459146,0.568958,386.6,354,1.45,0
-118.503772756,34.7471029293,0.604261,351.9,354,1,0
-118.45608548,34.7251405261,0.613735,351.9,354,0.75,0
-118.408422972,34.7031587501,0.577154,386.6,387,0.75,0
-118.360785237,34.6811576463,0.533658,386.6,387,0.85,0
-118.313172277,34.6591372598,0.433369,386.6,387,0,0
-118.265583754,34.6370976392,0.398031,351.9,354,0,0
-118.218020356,34.6150388223,0.420434,710.1,748,0,0
-118.170481742,34.5929608581,0.502307,293.5,354,0,0
-118.122967918,34.5708637915,0.52659,293.5,354,0,0
-118.075478885,34.5487476677,0.494764,351.9,748,0,0
-118.028014646,34.5266125319,0.486841,710.1,354,0,0
-117.980575205,34.5044584291,0.367026,351.9,748,0,0
-117.933160564,34.4822854046,0.161977,351.9,387,0,0
-117.885770725,34.4600935035,0.195044,444,387,0.55,0
-117.838405691,34.437882771,0.455835,351.9,354,0,0
-117.791065463,34.4156532522,0.480378,386.6,748,0,0
-117.743749705,34.3934049944,0.239067,710.1,748,0,0
-117.696459098,34.3711380386,0.309204,710.1,748,0.55,0
-117.649193303,34.3488524322,0.707115,710.1,748,0.85,0
-117.601952323,34.3265482203,0.916303,710.1,748,1.25,0
-117.55473616,34.3042254483,0.908636,710.1,748,1.5,0
-117.507544813,34.2818841613,0.675236,710.1,748,1.55,0
-117.460378286,34.2595244045,0.141325,386.6,748,1.35,0
-117.413236579,34.2371462234,-0.101485,351.9,387,1.25,0.35
-117.366119694,34.214749663,-0.12385,386.6,748,1.35,0.35
-117.319027631,34.1923347687,-0.0861694,351.9,748,1.45,0.35
-117.271960391,34.1699015857,0.0273967,351.9,349,1.55,0.35
-117.224917975,34.1474501593,-0.0160931,351.9,515,1.25,0.15
-117.177900383,34.1249805349,-0.123776,386.6,387,1.15,0.2
-117.130907617,34.1024927576,-0.107244,351.9,354,1.5,0.35
-117.083939676,34.0799868728,0.0792434,386.6,387,1.75,0.35
-117.036996561,34.0574629258,0.119559,386.6,387,1.8,0.35
-116.990078272,34.0349209619,-0.00602226,710.1,748,2.05,0
-118.811784836,34.9397306873,-0.56707,710.1,748,0,0
-118.763907477,34.91789533,-0.498317,710.1,748,0,0
-118.716054922,34.8960402738,-0.294318,710.1,748,0.65,0
-118.668227177,34.8741655638,0.0464391,386.6,387,1.25,0
-118.620424244,34.8522712449,0.274079,351.9,354,1.55,0
-118.57264613,34.8303573623,0.465619,351.9,354,1.65,0
-118.524892837,34.808423961,0.581051,293.5,354,2.3,0
-118.47716437,34.7864710861,0.648692,293.5,354,3.8,0
-118.429460734,34.7644987826,0.669706,386.6,387,2.35,0
-118.381781931,34.7425070958,0.698909,710.1,748,1.45,0
-118.334127966,34.7204960706,0.675521,386.6,354,1.2,0
-118.286498842,34.6984657523,0.62283,293.5,354,1.1,0
-118.238894222,34.6764161894,0.600019,293.5,354,0.65,0
-118.19131479,34.6543474201,0.617044,293.5,354,0.75,0
-118.14376021,34.632259493,0.638015,293.5,354,0.65,0
-118.096230483,34.6101524535,0.620869,293.5,354,0,0
-118.048725614,34.5880263465,0.6049,293.5,354,0,0
-118.001245604,34.5658812175,0.575827,293.5,354,0,0
-117.953790457,34.5437171115,0.43931,293.5,354,0,0
-117.906360175,34.5215340737,0.315722,293.5,354,0.7,0
-117.858954761,34.4993321495,0.394669,351.9,354,0.7,0
-117.811574216,34.477111384,0.599022,351.9,354,0.65,0
-117.764218543,34.4548718224,0.579834,351.9,387,0.65,0
-117.716887404,34.4326135121,0.441898,351.9,349,0.85,0
-117.66958148,34.4103364941,0.549397,351.9,387,1,0
-117.622300435,34.3880408159,0.832816,351.9,515,1.2,0
-117.575044269,34.3657265227,0.948633,351.9,387,1.4,0
-117.527812983,34.3433936598,0.929125,351.9,387,1.5,0
-117.48060658,34.3210422726,0.661887,351.9,387,1.4,0
-117.43342506,34.2986724062,0.244714,710.1,748,1.3,0
-117.386268425,34.2762841061,0.00140636,710.1,748,1.3,0
-117.339136676,34.2538774175,-0.181321,468.4,748,1.45,0
-117.292029813,34.2314523858,-0.226951,710.1,748,1.6,0
-117.244947838,34.2090090563,-0.193103,710.1,748,1.6,0
-117.197890751,34.1865474743,-0.218378,710.1,748,1.35,0
-117.150858553,34.1640676852,-0.27508,710.1,748,1.45,0
-117.103851244,34.1415697343,-0.237558,710.1,748,1.4,0
-117.056868824,34.119053667,-0.120629,710.1,515,1.35,0
-117.009911294,34.0965195286,-0.1165,385.1,515,1.35,0
-116.962978654,34.0739673645,-0.167158,710.1,748,1.6,0
-118.785268074,34.979164847,-0.671696,386.6,387,0,0
-118.737373886,34.9573196393,-0.679738,710.1,748,0,0
-118.689504569,34.9354547218,-0.541694,710.1,748,0,0
-118.641660126,34.9135701395,-0.311482,710.1,748,0.85,0
-118.593840564,34.8916659375,-0.0548321,386.6,387,1.15,0
-118.546045885,34.8697421609,0.248787,351.9,354,1.5,0
-118.498276094,34.8477988549,0.418504,351.9,354,1.9,0
-118.450531195,34.8258360646,0.48159,228.2,354,2.45,0
-118.402811193,34.8038538352,0.550848,228.2,354,1.65,0
-118.35511609,34.7818522118,0.655024,293.5,354,1.3,0
-118.30744589,34.7598312396,0.691681,293.5,280,1.25,0
-118.259800598,34.7377909638,0.695064,293.5,280,1.15,0
-118.212179874,34.7157314331,0.699565,386.6,280,1.3,0
-118.164584406,34.6936526856,0.714776,228.2,280,1.5,0
-118.117013854,34.6715547702,0.728995,293.5,280,1.45,0
-118.069468221,34.649437732,0.738553,228.2,280,1.15,0
-118.021947511,34.6273016164,0.685205,228.2,354,0.7,0
-117.974451727,34.6051464685,0.531997,293.5,354,0,0
-117.92698087,34.5829723337,0.424613,293.5,354,0.55,0
-117.879534944,34.5607792573,0.423958,293.5,354,0.6,0
-117.83211395,34.5385672844,0.492991,293.5,354,0.65,0
-117.784717891,34.5163364604,0.574723,351.9,354,0.7,0
-117.737346769,34.4940868306,0.586802,351.9,354,0.95,0
-117.690000246,34.4718184423,0.599331,351.9,354,1.15,0
-117.642679004,34.4495313368,0.669761,351.9,354,1.3,0
-117.595382704,34.4272255614,0.736528,351.9,354,1.5,0
-117.548111349,34.4049011615,0.771011,386.6,387,1.65,0
-117.500864939,34.3825581825,0.730316,386.6,387,1.65,0
-117.453643476,34.3601966696,0.582947,351.9,387,1.5,0
-117.406446961,34.3378166683,0.459315,351.9,349,1.35,0
-117.359275396,34.315418224,0.237371,351.9,349,1.35,0
-117.31212878,34.2930013819,-0.0825752,710.1,748,1.5,0
-117.265007116,34.2705661876,-0.228996,710.1,748,1.45,0
-117.217910404,34.2481126863,-0.265202,710.1,748,1.45,0
-117.170838644,34.2256409235,-0.30997,710.1,748,1.45,0
-117.123791837,34.2031509445,-0.36106,710.1,748,1.7,0
-117.076769984,34.1806427948,-0.376829,710.1,748,1.6,0
-117.029773084,34.1581165198,-0.402228,468.4,748,1.35,0
-116.982801138,34.135572165,-0.395163,710.1,748,1.15,0
-116.935854145,34.1130097756,-0.328349,710.1,748,1.4,0
-118.758726398,35.0185914768,-0.72922,351.9,515,0,0
-118.710815377,34.9967363928,-0.735248,710.1,748,0,0
-118.662929294,34.9748615879,-0.621354,710.1,748,0,0
-118.615068152,34.9529671074,-0.442181,710.1,748,0.6,0
-118.567231955,34.9310529963,-0.181624,386.6,354,0.85,0
-118.51942071,34.9091192999,0.0935807,386.6,387,0.85,0
-118.471634418,34.8871660633,0.272649,386.6,387,1,0
-118.423873085,34.8651933318,0.370893,293.5,354,1.1,0
-118.376136713,34.8432011505,0.482997,293.5,280,1,0
-118.328425308,34.8211895648,0.599242,228.2,280,1.1,0
-118.280738872,34.7991586198,0.667378,228.2,280,1.15,0
-118.233077409,34.7771083608,0.704732,228.2,280,1.2,0
-118.18544058,34.7550388363,0.728393,386.6,280,1.5,0
-118.137829073,34.732950085,0.748602,386.6,280,1.9,0
-118.090242548,34.7108421554,0.760863,228.2,280,1.95,0
-118.042681008,34.688715093,0.757812,293.5,280,1.5,0
-117.995144456,34.666568943,0.678057,293.5,280,1.05,0
-117.947632895,34.6444037507,0.541892,293.5,354,0.65,0
-117.900146327,34.6222195615,0.479255,351.9,354,0.65,0
-117.852684755,34.6000164207,0.493397,710.1,748,0.65,0
-117.805248181,34.5777943737,0.53734,293.5,354,0.6,0
-117.757836608,34.5555534657,0.578469,293.5,354,0.7,0
-117.710450036,34.5332937422,0.609456,293.5,354,1,0
-117.663088128,34.5110152503,0.646474,293.5,354,1.35,0
-117.615751567,34.4887180317,0.671539,351.9,354,1.5,0
-117.568440013,34.4664021337,0.666656,351.9,354,1.65,0
-117.521153468,34.4440676016,0.662554,351.9,354,1.8,0
-117.473891934,34.421714481,0.618705,351.9,387,1.7,0
-117.426655411,34.3993428172,0.551325,386.6,387,1.55,0
-117.379443902,34.3769526556,0.48484,351.9,387,1.4,0
-117.332257406,34.3545440417,0.265644,386.6,387,1.4,0
-117.285095925,34.3321170208,-0.0192342,293.5,349,1.45,0
-117.23795946,34.3096716385,-0.188431,710.1,748,1.3,0
-117.190848011,34.2872079402,-0.275218,710.1,748,1.2,0
-117.14376158,34.2647259713,-0.345573,710.1,748,1.3,0
-117.096700165,34.2422257772,-0.410787,710.1,748,1.7,0
-117.049663768,34.2197074036,-0.462164,710.1,748,1.75,0
-117.002652389,34.1971708957,-0.516217,710.1,748,1.55,0
-116.955666028,34.1746162992,-0.490545,386.6,387,1.4,0
-116.908704685,34.1520436595,-0.419392,710.1,748,1.45,0
