lon,lat,B(vs30,variable),Vs30-Wills,Z2.5,Z1,B(vs30=760m/s)
-119.3370,34.1500,-0.12630,NaN,4.6,0.0,-0.12630
-119.2895,34.1284,-0.16146,NaN,0.0,0.0,-0.16146
-119.2419,34.1067,-0.21735,NaN,0.0,0.0,-0.21735
-119.1944,34.0850,-0.29668,NaN,0.0,0.0,-0.29668
-119.1470,34.0633,-0.42244,NaN,0.0,0.0,-0.42244
-119.0995,34.0416,-0.57835,NaN,0.6,0.0,-0.57835
-119.0521,34.0198,-0.68461,NaN,1.1,0.0,-0.68461
-119.0047,33.9981,-0.73511,NaN,1.1,0.0,-0.73511
-118.9573,33.9763,-0.74915,NaN,1.1,0.0,-0.74915
-118.9100,33.9545,-0.73831,NaN,1.4,0.0,-0.73831
-118.8626,33.9327,-0.70949,NaN,1.9,0.0,-0.70949
-118.8153,33.9109,-0.66922,NaN,2.1,0.0,-0.66922
-118.7680,33.8890,-0.62518,NaN,1.8,0.0,-0.62518
-118.7208,33.8671,-0.58313,NaN,1.4,0.0,-0.58313
-118.6736,33.8452,-0.54498,NaN,1.1,0.0,-0.54498
-118.6263,33.8233,-0.51151,NaN,1.1,0.0,-0.51151
-118.5792,33.8014,-0.48553,NaN,1.1,0.0,-0.48553
-118.5320,33.7794,-0.47152,NaN,1.2,0.0,-0.47152
-118.4848,33.7575,-0.47354,NaN,1.4,0.0,-0.47354
-118.4377,33.7355,-0.49603,NaN,1.6,0.0,-0.49603
-118.3906,33.7135,-0.46490,NaN,1.7,0.0,-0.46490
-118.3436,33.6915,-0.39184,NaN,1.5,0.0,-0.39184
-118.2965,33.6694,-0.35506,NaN,1.3,0.0,-0.35506
-118.2495,33.6473,-0.34058,NaN,1.9,0.4,-0.34058
-118.2025,33.6253,-0.33398,NaN,2.4,0.5,-0.33398
-118.1555,33.6032,-0.32091,NaN,2.9,0.7,-0.32091
-118.1086,33.5810,-0.29629,NaN,3.5,1.2,-0.29629
-118.0616,33.5589,-0.26814,NaN,3.6,1.4,-0.26814
-118.0147,33.5368,-0.25350,NaN,2.8,0.0,-0.25350
-117.9678,33.5146,-0.26115,NaN,2.3,0.0,-0.26115
-117.9210,33.4924,-0.28076,NaN,1.8,0.0,-0.28076
-117.8742,33.4702,-0.29653,NaN,1.4,0.0,-0.29653
-117.8273,33.4480,-0.30266,NaN,1.2,0.0,-0.30266
-117.7806,33.4257,-0.30220,NaN,1.1,0.0,-0.30220
-117.7338,33.4035,-0.30084,NaN,1.1,0.0,-0.30084
-117.6871,33.3812,-0.30206,NaN,1.4,0.0,-0.30206
-117.6403,33.3589,-0.30570,NaN,1.5,0.0,-0.30570
-117.5936,33.3366,-0.31383,NaN,1.5,0.0,-0.31383
-117.5470,33.3142,-0.35310,NaN,1.4,0.0,-0.35310
-117.5003,33.2919,-0.42951,NaN,1.2,0.0,-0.42951
-119.3110,34.1895,-0.07302,NaN,4.8,1.5,-0.07302
-119.2634,34.1679,-0.11005,NaN,4.4,0.9,-0.11005
-119.2159,34.1462,-0.17612,228.2,3.6,0.7,-1.20118
-119.1684,34.1245,-0.25983,228.2,3.2,0.8,-1.34403
-119.1209,34.1028,-0.43156,176.1,2.7,0.9,-1.90495
-119.0734,34.0811,-0.65431,NaN,3.0,0.3,-0.65431
-119.0260,34.0593,-0.74233,NaN,3.1,0.3,-0.74233
-118.9786,34.0376,-0.76947,NaN,2.8,0.3,-0.76947
-118.9312,34.0158,-0.76504,NaN,0.0,0.0,-0.76504
-118.8838,33.9940,-0.73844,NaN,0.8,0.0,-0.73844
-118.8364,33.9721,-0.69367,NaN,1.4,0.0,-0.69367
-118.7891,33.9503,-0.63700,NaN,1.9,0.0,-0.63700
-118.7418,33.9284,-0.58099,NaN,1.6,0.0,-0.58099
-118.6945,33.9065,-0.53233,NaN,1.2,0.0,-0.53233
-118.6473,33.8846,-0.48829,NaN,1.2,0.0,-0.48829
-118.6001,33.8627,-0.44589,NaN,1.2,0.0,-0.44589
-118.5529,33.8408,-0.40941,NaN,1.1,0.0,-0.40941
-118.5057,33.8188,-0.38581,NaN,1.1,0.0,-0.38581
-118.4585,33.7968,-0.37478,NaN,1.3,0.0,-0.37478
-118.4114,33.7748,-0.35838,386.6,1.4,0.0,-0.36131
-118.3643,33.7528,-0.30273,385.1,1.5,0.0,-0.30609
-118.3172,33.7308,-0.27334,386.6,1.6,0.0,-0.27627
-118.2701,33.7087,-0.25703,NaN,1.7,0.3,-0.25703
-118.2231,33.6867,-0.26585,NaN,2.1,0.8,-0.26585
-118.1761,33.6646,-0.27896,NaN,2.9,0.8,-0.27896
-118.1291,33.6425,-0.27122,NaN,3.1,1.0,-0.27122
-118.0821,33.6203,-0.23693,NaN,3.1,1.1,-0.23693
-118.0352,33.5982,-0.19179,NaN,3.4,1.1,-0.19179
-117.9883,33.5760,-0.17634,NaN,3.1,0.7,-0.17634
-117.9414,33.5538,-0.20711,NaN,2.4,0.0,-0.20711
-117.8945,33.5316,-0.25125,NaN,1.9,0.0,-0.25125
-117.8476,33.5094,-0.27714,NaN,1.6,0.0,-0.27714
-117.8008,33.4872,-0.28466,NaN,1.4,0.0,-0.28466
-117.7540,33.4649,-0.28421,NaN,1.4,0.0,-0.28421
-117.7072,33.4427,-0.28731,NaN,1.5,0.0,-0.28731
-117.6605,33.4204,-0.29861,NaN,1.6,0.0,-0.29861
-117.6137,33.3981,-0.31390,NaN,2.0,0.0,-0.31390
-117.5670,33.3757,-0.31680,386.6,1.4,0.0,-0.31974
-117.5203,33.3534,-0.37414,468.4,1.1,0.0,-0.37396
-117.4737,33.3310,-0.48909,468.4,0.0,0.0,-0.48891
-119.2849,34.2291,-0.01172,NaN,6.2,1.1,-0.01172
-119.2373,34.2074,-0.05168,293.5,4.3,0.8,-1.01396
-119.1898,34.1857,-0.14760,228.2,3.7,0.6,-0.99521
-119.1423,34.1640,-0.30593,228.2,2.6,0.6,-1.15353
-119.0948,34.1423,-0.53573,228.2,2.5,0.7,-1.56079
-119.0473,34.1206,-0.72568,385.1,2.2,0.3,-1.14310
-118.9998,34.0988,-0.77915,518.9,1.9,0.3,-1.19905
-118.9524,34.0770,-0.78141,385.1,2.4,0.3,-1.19882
-118.9050,34.0552,-0.76038,385.1,2.2,0.3,-1.17780
-118.8576,34.0334,-0.72080,NaN,0.0,0.0,-0.72080
-118.8102,34.0116,-0.66029,385.1,0.9,0.0,-0.66365
-118.7629,33.9897,-0.58322,NaN,1.2,0.0,-0.58322
-118.7156,33.9678,-0.51847,NaN,1.1,0.0,-0.51847
-118.6683,33.9459,-0.47110,NaN,1.2,0.0,-0.47110
-118.6210,33.9240,-0.42519,NaN,1.2,0.0,-0.42519
-118.5738,33.9021,-0.36983,NaN,1.1,0.0,-0.36983
-118.5265,33.8801,-0.31685,NaN,1.1,0.6,-0.31685
-118.4793,33.8582,-0.28154,NaN,0.9,0.3,-0.28154
-118.4322,33.8362,-0.25584,NaN,1.7,0.6,-0.25584
-118.3850,33.8142,-0.21145,386.6,1.8,0.6,-0.92419
-118.3379,33.7922,-0.17613,351.9,2.1,0.7,-0.96333
-118.2908,33.7701,-0.14697,386.6,2.3,0.8,-1.03715
-118.2437,33.7481,-0.13911,225.6,2.5,0.9,-1.46624
-118.1967,33.7260,-0.18428,NaN,3.0,0.9,-0.18428
-118.1496,33.7039,-0.22473,NaN,3.1,0.8,-0.22473
-118.1026,33.6818,-0.21926,NaN,3.3,0.8,-0.21926
-118.0556,33.6596,-0.16691,NaN,3.4,0.7,-0.16691
-118.0087,33.6375,-0.08126,NaN,3.5,0.8,-0.08126
-117.9617,33.6153,-0.06721,NaN,3.4,0.3,-0.06721
-117.9148,33.5931,-0.15121,NaN,3.1,0.3,-0.15121
-117.8679,33.5709,-0.23151,NaN,1.9,0.0,-0.23151
-117.8211,33.5487,-0.25848,NaN,1.7,0.0,-0.25848
-117.7742,33.5264,-0.26368,NaN,1.6,0.0,-0.26368
-117.7274,33.5041,-0.26173,468.4,1.7,0.0,-0.26155
-117.6806,33.4819,-0.27661,351.9,1.9,0.0,-0.29485
-117.6339,33.4596,-0.31161,385.1,2.2,0.0,-0.31498
-117.5871,33.4372,-0.36795,385.1,3.6,0.0,-0.37131
-117.5404,33.4149,-0.43564,385.1,1.4,0.0,-0.43900
-117.4937,33.3926,-0.52877,468.4,0.0,0.0,-0.52860
-117.4470,33.3702,-0.60208,386.6,0.0,0.0,-0.60502
-119.2588,34.2686,0.06187,293.5,6.1,0.8,-1.01872
-119.2112,34.2469,0.02929,293.5,6.5,0.7,-0.81470
-119.1637,34.2252,-0.10225,228.2,3.6,0.6,-0.94985
-119.1161,34.2035,-0.36889,228.2,2.5,0.6,-1.21649
-119.0686,34.1818,-0.61038,228.2,3.2,0.3,-1.22139
-119.0211,34.1600,-0.72063,518.9,2.5,0.1,-0.90393
-118.9736,34.1383,-0.76417,385.1,1.8,0.1,-0.94499
-118.9262,34.1165,-0.74759,518.9,0.3,0.1,-0.93090
-118.8788,34.0947,-0.71830,518.9,0.3,0.1,-0.90160
-118.8314,34.0728,-0.67318,468.4,0.3,0.3,-1.08705
-118.7840,34.0510,-0.59746,385.1,0.0,0.0,-0.60083
-118.7366,34.0291,-0.49529,NaN,0.0,0.0,-0.49529
-118.6893,34.0072,-0.43399,NaN,0.6,0.0,-0.43399
-118.6420,33.9853,-0.40750,NaN,0.8,0.0,-0.40750
-118.5947,33.9634,-0.36771,NaN,0.8,0.0,-0.36771
-118.5474,33.9415,-0.28726,NaN,1.9,1.0,-0.28726
-118.5002,33.9195,-0.20832,NaN,1.9,1.1,-0.20832
-118.4530,33.8975,-0.17019,NaN,1.9,1.1,-0.17019
-118.4058,33.8755,-0.15393,351.9,2.2,0.9,-1.29602
-118.3586,33.8535,-0.13113,386.6,2.5,0.9,-1.19876
-118.3115,33.8315,-0.09172,386.6,3.0,0.8,-1.04105
-118.2644,33.8094,-0.02446,386.6,3.4,0.8,-0.91464
-118.2173,33.7874,0.00701,228.2,3.4,0.7,-1.01805
-118.1702,33.7653,-0.09045,386.6,3.7,0.7,-0.92148
-118.1232,33.7432,-0.14971,NaN,3.9,0.7,-0.14971
-118.0761,33.7210,-0.14453,293.5,3.1,0.7,-0.98852
-118.0291,33.6989,-0.07339,176.1,3.5,0.6,-1.13272
-117.9822,33.6767,0.08383,228.2,3.9,0.6,-0.76378
-117.9352,33.6545,0.07852,386.6,3.9,0.3,-0.33846
-117.8883,33.6323,-0.10425,NaN,3.2,0.3,-0.10425
-117.8414,33.6101,-0.21067,385.1,2.0,0.0,-0.21404
-117.7945,33.5879,-0.21727,468.4,1.9,0.0,-0.21710
-117.7477,33.5656,-0.22398,468.4,1.9,0.0,-0.22380
-117.7008,33.5434,-0.22302,385.1,2.0,0.0,-0.22639
-117.6540,33.5211,-0.26696,385.1,2.2,0.0,-0.27033
-117.6072,33.4988,-0.34140,385.1,2.5,0.0,-0.34476
-117.5605,33.4764,-0.46609,386.6,3.6,0.0,-0.46902
-117.5137,33.4541,-0.64077,502.5,1.1,0.0,-0.64478
-117.4670,33.4317,-0.73609,351.9,0.0,0.0,-0.75434
-117.4203,33.4093,-0.72496,518.9,0.0,0.0,-0.73081
-119.2327,34.3081,0.14693,385.1,6.0,0.3,-0.27048
-119.1851,34.2864,0.15840,351.9,7.2,0.8,-0.80624
-119.1375,34.2647,0.02566,228.2,2.5,0.4,-0.64449
-119.0900,34.2430,-0.28004,386.6,2.2,0.3,-0.69703
-119.0424,34.2213,-0.51151,293.5,3.2,0.6,-1.23720
-118.9949,34.1995,-0.61371,518.9,3.2,0.3,-1.03361
-118.9474,34.1777,-0.64578,386.6,0.3,0.3,-1.06277
-118.9000,34.1559,-0.63987,351.9,0.3,0.3,-1.07217
-118.8525,34.1341,-0.61062,351.9,0.3,0.3,-1.04292
-118.8051,34.1123,-0.55644,518.9,0.3,0.1,-0.73974
-118.7577,34.0904,-0.46598,468.4,0.0,0.0,-0.46580
-118.7103,34.0685,-0.36327,468.4,0.0,0.0,-0.36310
-118.6630,34.0467,-0.32596,468.4,0.0,0.0,-0.32578
-118.6157,34.0247,-0.36294,NaN,0.0,0.0,-0.36294
-118.5684,34.0028,-0.34345,NaN,2.1,0.9,-0.34345
-118.5211,33.9809,-0.19842,NaN,1.9,0.8,-0.19842
-118.4738,33.9589,-0.07871,NaN,1.9,0.8,-0.07871
-118.4266,33.9369,-0.06244,386.6,3.4,0.8,-1.01177
-118.3794,33.9149,-0.07375,386.6,3.8,0.8,-0.96393
-118.3322,33.8929,-0.05394,386.6,3.9,0.6,-0.76667
-118.2851,33.8708,-0.03277,386.6,4.0,0.6,-0.74550
-118.2379,33.8488,0.06513,351.9,4.0,0.6,-0.66292
-118.1908,33.8267,0.16182,386.6,4.3,0.7,-0.61006
-118.1437,33.8046,0.10350,386.6,3.0,0.7,-0.66838
-118.0967,33.7825,0.06183,228.2,3.2,0.7,-0.90407
-118.0496,33.7603,0.05308,228.2,3.5,0.7,-0.91283
-118.0026,33.7382,0.12858,228.2,4.2,0.7,-0.83733
-117.9556,33.7160,0.22962,228.2,4.5,0.6,-0.61798
-117.9087,33.6938,0.17772,293.5,4.2,0.5,-0.42966
-117.8617,33.6716,-0.00007,386.6,2.9,0.3,-0.41705
-117.8148,33.6494,-0.08179,468.4,2.1,0.0,-0.08161
-117.7679,33.6271,-0.09229,468.4,2.0,0.0,-0.09211
-117.7211,33.6048,-0.11688,385.1,2.1,0.0,-0.12024
-117.6742,33.5826,-0.15969,385.1,2.0,0.0,-0.16306
-117.6274,33.5603,-0.25925,385.1,1.6,0.0,-0.26261
-117.5806,33.5379,-0.41758,468.4,1.2,0.0,-0.41740
-117.5338,33.5156,-0.60420,502.5,0.0,0.0,-0.60820
-117.4871,33.4932,-0.77789,502.5,0.0,0.0,-0.78190
-117.4403,33.4709,-0.83742,518.9,0.0,0.0,-0.84328
-117.3936,33.4485,-0.80450,710.1,0.0,0.0,-0.77929
-119.2066,34.3476,0.21543,385.1,4.8,0.3,-0.20198
-119.1590,34.3259,0.31879,385.1,6.3,0.7,-0.45352
-119.1114,34.3042,0.20714,293.5,6.3,0.3,-0.28195
-119.0638,34.2825,-0.14010,386.6,5.2,0.3,-0.55709
-119.0162,34.2607,-0.35914,444.0,2.5,0.3,-0.77091
-118.9687,34.2390,-0.43762,386.6,3.1,0.3,-0.85461
-118.9212,34.2172,-0.46929,518.9,2.6,0.3,-0.88919
-118.8737,34.1954,-0.47727,386.6,0.3,0.3,-0.89425
-118.8263,34.1736,-0.45752,385.1,0.3,0.3,-0.87494
-118.7788,34.1517,-0.40667,518.9,2.2,0.3,-0.82657
-118.7314,34.1298,-0.32345,385.1,1.9,0.1,-0.50427
-118.6840,34.1080,-0.20111,518.9,1.0,0.1,-0.32527
-118.6367,34.0861,-0.19967,468.4,0.3,0.3,-0.61355
-118.5893,34.0641,-0.37319,502.5,0.0,0.0,-0.37720
-118.5420,34.0422,-0.41093,386.6,3.0,0.3,-0.82792
-118.4947,34.0202,-0.08069,386.6,3.0,0.7,-0.85258
-118.4475,33.9983,0.08306,293.5,4.5,0.6,-0.70178
-118.4002,33.9763,0.01495,386.6,4.7,0.6,-0.69778
-118.3530,33.9542,-0.01753,386.6,4.2,0.6,-0.73027
-118.3058,33.9322,0.04552,386.6,3.4,0.6,-0.66722
-118.2586,33.9101,0.13512,386.6,3.6,0.7,-0.63676
-118.2115,33.8881,0.29422,228.2,4.2,0.8,-0.78999
-118.1643,33.8660,0.36293,228.2,4.5,0.8,-0.78043
-118.1172,33.8439,0.32647,228.2,4.6,0.8,-0.81688
-118.0702,33.8217,0.28083,228.2,4.5,0.8,-0.86252
-118.0231,33.7996,0.26041,228.2,4.8,0.8,-0.88294
-117.9761,33.7774,0.30574,228.2,4.8,0.7,-0.71932
-117.9291,33.7552,0.32754,228.2,4.9,0.6,-0.57921
-117.8821,33.7330,0.25362,293.5,4.7,0.5,-0.35377
-117.8351,33.7108,0.09275,228.2,2.0,0.3,-0.51826
-117.7882,33.6886,0.03071,293.5,1.8,0.3,-0.45837
-117.7413,33.6663,0.02875,293.5,1.5,0.0,-0.04629
-117.6944,33.6440,-0.01813,386.6,1.5,0.0,-0.02106
-117.6476,33.6218,-0.10724,385.1,1.4,0.0,-0.11061
-117.6007,33.5994,-0.27362,468.4,1.1,0.0,-0.27344
-117.5539,33.5771,-0.53313,502.5,0.0,0.0,-0.53713
-117.5071,33.5548,-0.73114,502.5,0.0,0.0,-0.73514
-117.4604,33.5324,-0.84674,518.9,0.0,0.0,-0.85259
-117.4136,33.5100,-0.87717,710.1,0.0,0.0,-0.85196
-117.3669,33.4876,-0.83438,351.9,0.0,0.0,-0.85263
-119.1804,34.3871,0.20458,385.1,3.1,0.3,-0.21284
-119.1328,34.3654,0.29656,385.1,5.2,0.3,-0.12085
-119.0852,34.3437,0.19913,293.5,6.6,1.0,-1.05891
-119.0376,34.3220,-0.03374,385.1,1.2,0.3,-0.45115
-118.9900,34.3002,-0.17950,444.0,2.5,0.3,-0.59128
-118.9425,34.2784,-0.25288,444.0,3.1,0.3,-0.66465
-118.8950,34.2566,-0.28361,444.0,3.1,0.3,-0.69538
-118.8475,34.2348,-0.25213,468.4,1.0,0.3,-0.66600
-118.8000,34.2130,-0.25796,502.5,0.3,0.3,-0.67602
-118.7525,34.1911,-0.31566,502.5,2.9,0.1,-0.37882
-118.7051,34.1693,-0.26518,385.1,2.6,0.1,-0.38684
-118.6577,34.1474,-0.08230,385.1,2.3,0.1,-0.20397
-118.6103,34.1254,-0.09664,385.1,1.8,0.1,-0.21830
-118.5630,34.1035,-0.40964,468.4,0.3,0.1,-0.58691
-118.5156,34.0816,-0.59548,710.1,0.3,0.1,-0.74772
-118.4683,34.0596,-0.19616,386.6,0.5,0.3,-0.61314
-118.4210,34.0376,0.09424,293.5,4.5,0.7,-0.74975
-118.3738,34.0156,0.03145,444.0,4.0,0.6,-0.67608
-118.3265,33.9936,0.05108,386.6,4.5,0.7,-0.77995
-118.2793,33.9715,0.16738,293.5,5.3,0.8,-0.91321
-118.2321,33.9495,0.32088,228.2,5.7,0.9,-0.94077
-118.1850,33.9274,0.49446,228.2,5.6,0.9,-0.76720
-118.1378,33.9053,0.45057,228.2,5.3,0.9,-0.81109
-118.0907,33.8832,0.34613,228.2,4.7,0.8,-0.79722
-118.0436,33.8610,0.26738,228.2,4.5,0.8,-0.87597
-117.9966,33.8389,0.27539,228.2,3.7,0.7,-0.74966
-117.9495,33.8167,0.30351,228.2,4.2,0.7,-0.66239
-117.9025,33.7945,0.29976,228.2,3.0,0.5,-0.48869
-117.8555,33.7723,0.20533,293.5,3.5,0.3,-0.28376
-117.8085,33.7501,0.05982,293.5,1.9,0.3,-0.42927
-117.7616,33.7278,-0.00396,351.9,1.4,0.0,-0.02221
-117.7147,33.7055,0.01600,502.5,1.1,0.0,0.01199
-117.6678,33.6832,-0.03278,468.4,1.1,0.0,-0.03260
-117.6209,33.6609,-0.18014,468.4,1.1,0.0,-0.17996
-117.5740,33.6386,-0.39649,468.4,0.3,0.0,-0.39631
-117.5272,33.6163,-0.62966,502.5,0.0,0.0,-0.63366
-117.4804,33.5939,-0.78812,710.1,0.0,0.0,-0.76291
-117.4336,33.5716,-0.85193,710.1,0.0,0.0,-0.82672
-117.3869,33.5492,-0.85643,710.1,0.0,0.0,-0.83122
-117.3401,33.5267,-0.82266,710.1,0.0,0.0,-0.79745
-119.1543,34.4266,0.09698,385.1,1.7,0.4,-0.37959
-119.1066,34.4049,0.15141,351.9,4.0,0.3,-0.28089
-119.0590,34.3832,0.12646,385.1,6.0,0.5,-0.40925
-119.0114,34.3614,0.05088,293.5,6.3,1.1,-1.27608
-118.9638,34.3397,0.03097,385.1,1.6,0.3,-0.38645
-118.9162,34.3179,-0.04561,386.6,2.9,0.3,-0.46259
-118.8687,34.2961,-0.08045,444.0,3.2,0.3,-0.49222
-118.8212,34.2743,0.02656,518.9,2.0,0.3,-0.39335
-118.7737,34.2524,-0.06374,351.9,0.9,0.3,-0.49604
-118.7262,34.2305,-0.32891,468.4,0.3,0.3,-0.74278
-118.6788,34.2087,-0.29253,502.5,0.3,0.1,-0.35568
-118.6313,34.1868,0.03872,293.5,2.6,0.2,-0.33206
-118.5839,34.1648,0.13084,385.1,2.1,0.2,-0.16828
-118.5366,34.1429,-0.21031,502.5,0.5,0.1,-0.33262
-118.4892,34.1209,-0.38217,710.1,0.3,0.3,-0.77101
-118.4419,34.0990,-0.39470,710.1,0.3,0.1,-0.48779
-118.3946,34.0770,-0.23835,351.9,5.0,0.3,-0.67064
-118.3473,34.0549,0.05701,386.6,2.4,0.3,-0.35998
-118.3001,34.0329,0.11525,293.5,2.5,0.4,-0.43298
-118.2528,34.0108,0.24559,293.5,4.4,0.6,-0.53925
-118.2056,33.9888,0.35922,293.5,5.0,0.8,-0.60307
-118.1585,33.9667,0.45529,228.2,5.0,0.8,-0.68807
-118.1113,33.9446,0.37372,228.2,4.2,0.8,-0.71049
-118.0642,33.9224,0.18489,386.6,3.6,0.7,-0.64614
-118.0171,33.9003,0.10854,386.6,3.1,0.7,-0.66335
-117.9700,33.8781,0.16742,351.9,3.2,0.7,-0.61978
-117.9229,33.8559,0.20402,228.2,4.5,0.7,-0.76188
-117.8759,33.8337,0.19495,293.5,3.5,0.5,-0.47159
-117.8289,33.8115,0.10286,293.5,2.1,0.3,-0.38623
-117.7819,33.7893,-0.06061,518.9,1.8,0.0,-0.06646
-117.7349,33.7670,-0.11651,385.1,1.4,0.0,-0.11988
-117.6880,33.7447,-0.03685,468.4,1.1,0.0,-0.03667
-117.6411,33.7224,-0.09317,502.5,0.8,0.0,-0.09718
-117.5942,33.7001,-0.31633,710.1,0.8,0.0,-0.29112
-117.5473,33.6778,-0.50098,518.9,0.0,0.0,-0.50683
-117.5005,33.6555,-0.65595,710.1,0.0,0.0,-0.63074
-117.4537,33.6331,-0.77622,710.1,0.0,0.0,-0.75101
-117.4069,33.6107,-0.78689,710.1,0.0,0.0,-0.76168
-117.3601,33.5883,-0.79780,710.1,0.0,0.0,-0.77259
-117.3134,33.5659,-0.78568,710.1,0.0,0.0,-0.76047
-119.1281,34.4661,-0.07245,385.1,1.8,0.1,-0.25327
-119.0804,34.4444,-0.07018,385.1,4.0,0.1,-0.25100
-119.0327,34.4227,-0.01026,386.6,4.5,0.1,-0.19064
-118.9851,34.4009,0.18354,351.9,6.2,0.9,-0.89941
-118.9375,34.3791,0.38272,293.5,6.0,1.1,-0.93446
-118.8899,34.3573,0.33003,385.1,1.2,0.3,-0.08738
-118.8424,34.3355,0.25148,385.1,2.1,0.3,-0.16594
-118.7948,34.3137,0.18306,468.4,2.0,0.3,-0.23082
-118.7473,34.2918,-0.03350,468.4,1.4,0.3,-0.44737
-118.6999,34.2700,-0.28790,385.1,0.9,0.3,-0.70532
-118.6524,34.2481,-0.22260,502.5,0.3,0.1,-0.28576
-118.6050,34.2262,0.11328,293.5,2.5,0.1,-0.08005
-118.5575,34.2042,0.25436,293.5,2.5,0.2,-0.11643
-118.5102,34.1823,0.12258,293.5,1.9,0.2,-0.24820
-118.4628,34.1603,-0.03347,293.5,1.6,0.4,-0.58171
-118.4155,34.1383,-0.16328,385.1,1.0,0.2,-0.46240
-118.3681,34.1163,-0.04756,710.1,5.1,0.3,-0.43640
-118.3209,34.0943,0.14172,293.5,2.0,0.3,-0.34736
-118.2736,34.0722,0.12162,385.1,2.0,0.3,-0.29580
-118.2263,34.0502,0.15524,351.9,2.2,0.3,-0.27706
-118.1791,34.0281,0.11167,386.6,2.5,0.5,-0.42361
-118.1319,34.0060,0.20450,386.6,2.9,0.6,-0.44908
-118.0848,33.9839,0.17292,228.2,3.7,0.6,-0.73383
-118.0376,33.9617,0.08851,351.9,3.6,0.6,-0.63954
-117.9905,33.9396,0.04179,386.6,3.6,0.6,-0.67094
-117.9434,33.9174,0.07037,351.9,3.6,0.6,-0.65767
-117.8963,33.8952,0.10753,385.1,4.0,0.6,-0.54649
-117.8493,33.8730,0.10773,386.6,2.5,0.5,-0.42756
-117.8022,33.8507,0.03184,351.9,2.2,0.3,-0.40046
-117.7552,33.8285,-0.09564,385.1,1.8,0.0,-0.09901
-117.7083,33.8062,-0.14073,468.4,1.4,0.0,-0.14055
-117.6613,33.7839,-0.13606,502.5,1.1,0.0,-0.14006
-117.6144,33.7616,-0.21207,351.9,1.1,0.0,-0.23032
-117.5675,33.7393,-0.27894,710.1,1.1,0.0,-0.25373
-117.5206,33.7170,-0.34534,710.1,0.7,0.0,-0.32013
-117.4737,33.6946,-0.48240,710.1,0.0,0.0,-0.45719
-117.4269,33.6722,-0.59644,710.1,0.0,0.0,-0.57123
-117.3801,33.6498,-0.68619,386.6,0.0,0.0,-0.68913
-117.3333,33.6274,-0.74224,386.6,0.0,0.0,-0.74518
-117.2865,33.6050,-0.74139,293.5,0.0,0.0,-0.81642
-119.1018,34.5056,-0.25315,385.1,0.3,0.1,-0.43396
-119.0542,34.4839,-0.33883,385.1,0.3,0.1,-0.51965
-119.0065,34.4622,-0.17939,468.4,4.0,0.1,-0.29751
-118.9588,34.4404,0.32462,468.4,6.0,0.1,0.20650
-118.9112,34.4186,0.66201,385.1,6.1,0.6,0.00799
-118.8636,34.3968,0.62089,351.9,6.1,1.2,-0.58706
-118.8161,34.3750,0.49193,468.4,1.1,0.3,0.07806
-118.7685,34.3531,0.22034,351.9,1.6,0.3,-0.21196
-118.7210,34.3313,-0.02402,444.0,1.7,0.3,-0.43579
-118.6735,34.3094,-0.22533,385.1,0.8,0.3,-0.64274
-118.6260,34.2875,-0.17785,502.5,0.3,0.1,-0.24100
-118.5786,34.2655,0.08967,386.6,2.8,0.1,0.02759
-118.5311,34.2436,0.24450,386.6,3.0,0.3,-0.17249
-118.4837,34.2216,0.29986,293.5,3.1,0.3,-0.18923
-118.4363,34.1997,0.28361,293.5,2.5,0.3,-0.20548
-118.3890,34.1777,0.26039,293.5,1.2,0.3,-0.22870
-118.3417,34.1556,0.28819,293.5,1.0,0.5,-0.31920
-118.2944,34.1336,0.18934,518.9,0.3,0.1,0.06519
-118.2471,34.1116,0.29863,386.6,1.2,0.3,-0.05920
-118.1998,34.0895,0.18476,385.1,2.0,0.3,-0.23265
-118.1526,34.0674,0.11688,386.6,2.0,0.3,-0.30011
-118.1054,34.0453,0.16288,468.4,3.4,0.5,-0.42844
-118.0582,34.0231,0.19986,293.5,4.7,0.5,-0.46668
-118.0110,34.0010,0.11694,468.4,4.8,0.3,-0.29693
-117.9639,33.9788,0.05294,468.4,4.2,0.3,-0.36093
-117.9168,33.9566,0.03922,385.1,2.3,0.3,-0.37819
-117.8697,33.9344,0.06890,385.1,2.4,0.3,-0.34851
-117.8226,33.9122,0.07772,385.1,2.4,0.3,-0.33969
-117.7756,33.8900,0.03099,351.9,2.2,0.3,-0.40131
-117.7286,33.8677,-0.04581,386.6,2.3,0.3,-0.46279
-117.6816,33.8454,-0.11424,468.4,1.4,0.0,-0.11406
-117.6346,33.8231,-0.20778,710.1,1.2,0.0,-0.18257
-117.5877,33.8008,-0.24891,710.1,1.2,0.0,-0.22370
-117.5407,33.7785,-0.08790,710.1,1.1,0.0,-0.06269
-117.4938,33.7561,-0.09604,386.6,0.7,0.0,-0.09897
-117.4470,33.7338,-0.25256,386.6,0.0,0.0,-0.25549
-117.4001,33.7114,-0.40481,351.9,0.0,0.0,-0.42306
-117.3533,33.6890,-0.62505,351.9,0.0,0.0,-0.64330
-117.3065,33.6665,-0.71010,351.9,0.0,0.0,-0.72835
-117.2597,33.6441,-0.69385,710.1,0.0,0.0,-0.66864
-119.0756,34.5451,-0.36779,385.1,3.0,0.3,-0.78521
-119.0279,34.5234,-0.41039,468.4,0.3,0.1,-0.58767
-118.9802,34.5016,-0.20410,468.4,5.3,0.1,-0.32222
-118.9325,34.4798,0.19123,468.4,6.2,0.1,0.13226
-118.8849,34.4580,0.42286,468.4,5.8,0.1,0.24559
-118.8373,34.4362,0.49322,385.1,6.2,0.2,0.25325
-118.7897,34.4144,0.42077,293.5,6.0,1.1,-0.90619
-118.7421,34.3925,0.25845,385.1,4.5,0.3,-0.15897
-118.6946,34.3707,0.10141,468.4,3.7,0.3,-0.31246
-118.6471,34.3488,-0.05578,468.4,1.7,0.3,-0.46966
-118.5996,34.3269,-0.01695,385.1,0.6,0.3,-0.43436
-118.5521,34.3049,0.17740,385.1,2.5,0.1,0.05574
-118.5047,34.2830,0.34271,351.9,3.5,0.3,-0.08959
-118.4573,34.2610,0.34724,386.6,2.5,0.3,-0.06975
-118.4099,34.2390,0.42058,293.5,2.5,0.3,-0.06851
-118.3625,34.2170,0.41631,293.5,1.3,0.3,-0.07278
-118.3152,34.1950,0.38006,351.9,0.8,0.7,-0.40714
-118.2678,34.1729,0.23850,351.9,0.5,0.1,0.04281
-118.2205,34.1509,0.22088,351.9,0.3,0.3,-0.21142
-118.1733,34.1288,0.20745,386.6,1.2,0.3,-0.20954
-118.1260,34.1067,0.22743,386.6,1.8,0.1,0.04705
-118.0788,34.0846,0.30391,293.5,2.1,0.3,-0.12603
-118.0316,34.0624,0.32758,228.2,4.0,0.4,-0.34258
-117.9844,34.0403,0.24740,228.2,4.2,0.3,-0.36361
-117.9372,34.0181,0.17998,468.4,2.5,0.2,-0.05644
-117.8901,33.9959,0.12809,293.5,1.9,0.2,-0.24270
-117.8430,33.9737,0.11519,351.9,1.6,0.2,-0.13966
-117.7959,33.9514,0.11379,468.4,1.6,0.2,-0.12263
-117.7489,33.9292,0.08990,468.4,2.4,0.2,-0.14652
-117.7018,33.9069,0.04309,468.4,2.0,0.2,-0.19333
-117.6548,33.8846,-0.02705,351.9,1.6,0.3,-0.45935
-117.6079,33.8623,-0.12867,386.6,0.8,0.0,-0.13160
-117.5609,33.8400,-0.16473,351.9,2.6,0.6,-0.83363
-117.5140,33.8177,-0.13007,386.6,0.8,0.3,-0.54705
-117.4671,33.7953,-0.21575,385.1,0.0,0.0,-0.21911
-117.4202,33.7729,-0.31882,518.9,0.0,0.0,-0.32468
-117.3733,33.7505,-0.47210,518.9,0.0,0.0,-0.47795
-117.3265,33.7281,-0.63800,710.1,0.0,0.0,-0.61279
-117.2797,33.7057,-0.68198,710.1,0.0,0.0,-0.65677
-117.2329,33.6832,-0.62927,386.6,0.0,0.0,-0.63220
-119.0493,34.5846,-0.40869,468.4,3.0,0.1,-0.58596
-119.0016,34.5629,-0.39600,385.1,0.3,0.2,-0.63597
-118.9539,34.5411,-0.27055,468.4,5.7,0.1,-0.38867
-118.9062,34.5193,-0.10778,468.4,0.3,0.1,-0.16675
-118.8586,34.4975,0.05084,385.1,1.2,0.1,-0.07083
-118.8109,34.4757,0.18763,385.1,2.0,0.1,0.00682
-118.7633,34.4538,0.24745,385.1,2.1,0.3,-0.16996
-118.7158,34.4320,0.31191,385.1,3.3,0.3,-0.10551
-118.6682,34.4101,0.27622,351.9,4.4,0.3,-0.15608
-118.6207,34.3882,0.14171,385.1,3.6,0.3,-0.27571
-118.5732,34.3662,0.14334,385.1,2.9,0.3,-0.27407
-118.5257,34.3443,0.26396,468.4,1.0,0.3,-0.14991
-118.4782,34.3223,0.42462,351.9,4.5,0.1,0.22892
-118.4308,34.3004,0.29115,386.6,2.8,0.3,-0.12584
-118.3834,34.2784,0.27935,351.9,1.4,0.1,0.14280
-118.3360,34.2563,0.24769,468.4,0.3,0.1,0.07042
-118.2886,34.2343,0.20480,710.1,0.3,0.1,0.17086
-118.2413,34.2123,0.16489,351.9,0.3,0.1,0.02834
-118.1940,34.1902,0.15909,710.1,0.3,0.1,0.12515
-118.1467,34.1681,0.21332,386.6,0.8,0.1,0.09208
-118.0994,34.1460,0.27883,386.6,1.5,0.2,0.03930
-118.0522,34.1238,0.35462,293.5,1.9,0.2,-0.01617
-118.0050,34.1017,0.41203,351.9,3.0,0.3,-0.02026
-117.9578,34.0795,0.38486,293.5,3.0,0.4,-0.16338
-117.9106,34.0573,0.30763,386.6,2.4,0.2,0.00894
-117.8634,34.0351,0.20496,468.4,1.6,0.1,0.02769
-117.8163,34.0129,0.17446,468.4,1.1,0.1,-0.00282
-117.7692,33.9907,0.17393,385.1,1.1,0.2,-0.06604
-117.7222,33.9684,0.16486,385.1,1.8,0.2,-0.07510
-117.6751,33.9461,0.15028,468.4,1.9,0.2,-0.08614
-117.6281,33.9238,0.08805,386.6,3.2,0.2,-0.15148
-117.5811,33.9015,-0.02762,444.0,0.3,0.1,-0.20280
-117.5341,33.8792,-0.14463,386.6,0.3,0.1,-0.32501
-117.4872,33.8568,-0.35288,710.1,0.0,0.0,-0.32767
-117.4402,33.8344,-0.48880,NaN,0.0,0.0,-0.48880
-117.3933,33.8121,-0.52260,710.1,0.0,0.0,-0.49739
-117.3465,33.7896,-0.61030,710.1,0.0,0.0,-0.58509
-117.2996,33.7672,-0.66244,710.1,0.0,0.0,-0.63723
-117.2528,33.7448,-0.62927,710.1,0.0,0.0,-0.60406
-117.2060,33.7223,-0.51931,386.6,0.0,0.0,-0.52225
-119.0230,34.6241,-0.42396,710.1,0.0,0.0,-0.39875
-118.9753,34.6023,-0.43587,710.1,0.3,0.1,-0.46981
-118.9276,34.5805,-0.39119,468.4,0.3,0.1,-0.45016
-118.8799,34.5587,-0.30783,468.4,0.3,0.1,-0.42595
-118.8322,34.5369,-0.19524,468.4,0.5,0.1,-0.31336
-118.7846,34.5151,-0.07788,385.1,2.0,0.1,-0.25870
-118.7369,34.4932,0.06489,385.1,2.5,0.3,-0.35252
-118.6893,34.4714,0.27883,385.1,3.8,0.3,-0.13858
-118.6418,34.4495,0.33481,444.0,3.4,0.1,0.15963
-118.5942,34.4276,0.25704,351.9,4.1,0.5,-0.29356
-118.5467,34.4056,0.23482,293.5,2.1,0.5,-0.43172
-118.4992,34.3837,0.25875,351.9,2.1,0.3,-0.17355
-118.4517,34.3617,0.25543,710.1,5.9,0.1,0.22149
-118.4043,34.3397,0.14691,710.1,3.4,0.1,0.11297
-118.3568,34.3177,0.05861,710.1,3.1,0.1,-0.09363
-118.3094,34.2957,0.02720,710.1,3.5,0.1,-0.00674
-118.2621,34.2736,0.00886,710.1,0.3,0.1,-0.02508
-118.2147,34.2516,0.00135,710.1,0.3,0.1,-0.03259
-118.1674,34.2295,0.00087,710.1,0.3,0.1,-0.03307
-118.1201,34.2074,0.03825,710.1,0.8,0.1,0.00431
-118.0728,34.1853,0.09560,710.1,1.4,0.1,0.06166
-118.0255,34.1631,0.22246,351.9,1.6,0.1,0.02676
-117.9783,34.1410,0.32367,351.9,1.8,0.2,0.06883
-117.9311,34.1188,0.33838,293.5,2.0,0.2,0.02675
-117.8839,34.0966,0.24863,293.5,1.7,0.2,-0.12216
-117.8368,34.0744,0.20019,385.1,0.8,0.2,-0.03978
-117.7896,34.0521,0.19689,293.5,0.3,0.2,-0.11474
-117.7425,34.0299,0.19351,293.5,0.5,0.2,-0.11813
-117.6954,34.0076,0.18377,293.5,1.1,0.2,-0.18702
-117.6484,33.9853,0.17559,293.5,0.6,0.2,-0.13605
-117.6013,33.9630,0.11179,293.5,0.3,0.2,-0.19985
-117.5543,33.9407,0.01312,386.6,0.3,0.1,-0.16727
-117.5073,33.9183,-0.12545,710.1,0.3,0.1,-0.27768
-117.4604,33.8960,-0.32338,386.6,0.3,0.3,-0.74036
-117.4134,33.8736,-0.44698,710.1,0.0,0.0,-0.42177
-117.3665,33.8512,-0.55639,710.1,0.0,0.0,-0.53118
-117.3196,33.8288,-0.60482,386.6,0.0,0.0,-0.60776
-117.2727,33.8063,-0.53773,710.1,0.0,0.0,-0.51252
-117.2259,33.7839,-0.42437,386.6,0.0,0.0,-0.42731
-117.1791,33.7614,-0.34380,386.6,0.0,0.0,-0.34674
-118.9967,34.6636,-0.40875,710.1,0.0,0.0,-0.38354
-118.9490,34.6418,-0.46579,710.1,0.0,0.0,-0.44058
-118.9012,34.6200,-0.44263,710.1,0.3,0.1,-0.47657
-118.8535,34.5982,-0.36473,468.4,0.3,0.1,-0.42370
-118.8058,34.5764,-0.30402,385.1,0.3,0.1,-0.36654
-118.7582,34.5545,-0.25832,385.1,0.3,0.1,-0.37998
-118.7105,34.5327,-0.08594,385.1,0.3,0.1,-0.26676
-118.6629,34.5108,0.25355,468.4,0.3,0.3,-0.16032
-118.6153,34.4889,0.35083,293.5,1.8,0.3,-0.13826
-118.5678,34.4669,0.28133,444.0,2.0,0.1,0.10615
-118.5202,34.4450,0.24995,444.0,2.0,0.1,0.07478
-118.4727,34.4230,0.24240,293.5,2.0,0.3,-0.24668
-118.4252,34.4011,0.17849,468.4,1.6,0.1,0.00121
-118.3777,34.3791,-0.02437,710.1,0.3,0.1,-0.05831
-118.3303,34.3570,-0.14674,710.1,0.3,0.1,-0.18067
-118.2829,34.3350,-0.14353,710.1,0.3,0.1,-0.17747
-118.2355,34.3130,-0.14888,710.1,0.3,0.1,-0.18282
-118.1881,34.2909,-0.15822,710.1,0.3,0.1,-0.19216
-118.1408,34.2688,-0.17614,710.1,0.0,0.0,-0.15093
-118.0934,34.2467,-0.21913,710.1,0.7,0.0,-0.19392
-118.0461,34.2245,-0.16515,710.1,1.1,0.0,-0.13994
-117.9989,34.2024,0.01249,710.1,1.3,0.1,-0.02145
-117.9516,34.1802,0.10758,710.1,1.3,0.1,0.07364
-117.9044,34.1580,0.11731,710.1,2.0,0.1,0.08337
-117.8572,34.1358,0.07868,351.9,1.3,0.2,-0.17616
-117.8100,34.1136,0.14789,518.9,0.8,0.2,-0.15371
-117.7629,34.0913,0.19818,293.5,0.6,0.2,-0.11346
-117.7158,34.0691,0.18481,293.5,0.8,0.2,-0.12683
-117.6687,34.0468,0.18069,293.5,0.5,0.2,-0.13095
-117.6216,34.0245,0.16484,293.5,0.5,0.2,-0.14680
-117.5745,34.0022,0.11217,293.5,0.3,0.2,-0.19946
-117.5275,33.9799,0.05369,386.6,0.3,0.1,-0.12669
-117.4805,33.9575,-0.02724,386.6,0.3,0.1,-0.20763
-117.4335,33.9351,-0.08667,386.6,0.3,0.1,-0.26705
-117.3866,33.9127,-0.23176,386.6,0.3,0.3,-0.64874
-117.3396,33.8903,-0.48120,710.1,0.0,0.0,-0.45599
-117.2927,33.8679,-0.50056,710.1,0.0,0.0,-0.47535
-117.2458,33.8455,-0.27076,386.6,0.0,0.0,-0.27369
-117.1990,33.8230,-0.13550,386.6,0.0,0.0,-0.13843
-117.1522,33.8005,-0.14534,386.6,0.0,0.0,-0.14827
-118.9704,34.7030,-0.32349,710.1,0.0,0.0,-0.29828
-118.9226,34.6812,-0.29974,710.1,0.0,0.0,-0.27453
-118.8748,34.6594,-0.23454,710.1,0.0,0.0,-0.20933
-118.8271,34.6376,-0.20534,710.1,0.0,0.0,-0.18013
-118.7794,34.6158,-0.17075,710.1,5.0,0.1,-0.20468
-118.7317,34.5939,-0.13258,468.4,0.3,0.3,-0.54645
-118.6841,34.5721,0.02715,385.1,0.3,0.3,-0.39026
-118.6364,34.5502,0.21600,385.1,1.6,0.3,-0.20141
-118.5888,34.5283,0.23759,NaN,1.6,0.3,0.23759
-118.5413,34.5063,0.17011,468.4,2.0,0.2,-0.12546
-118.4937,34.4844,0.15636,468.4,2.0,0.1,-0.02091
-118.4462,34.4624,0.21668,468.4,2.0,0.1,0.03941
-118.3987,34.4404,0.17144,351.9,1.6,0.1,-0.02426
-118.3512,34.4184,-0.03116,710.1,0.7,0.1,-0.06510
-118.3037,34.3964,-0.14632,710.1,0.3,0.1,-0.18026
-118.2563,34.3743,-0.17844,710.1,0.3,0.1,-0.21238
-118.2089,34.3523,-0.17834,710.1,0.3,0.1,-0.21228
-118.1615,34.3302,-0.16804,710.1,0.3,0.1,-0.20198
-118.1141,34.3081,-0.17946,351.9,0.6,0.0,-0.19770
-118.0668,34.2860,-0.22214,710.1,0.8,0.0,-0.19693
-118.0195,34.2638,-0.16031,710.1,1.1,0.0,-0.13510
-117.9722,34.2416,-0.06456,710.1,1.1,0.0,-0.03935
-117.9249,34.2195,-0.03569,710.1,1.1,0.1,-0.06963
-117.8777,34.1973,-0.09061,710.1,0.8,0.1,-0.12455
-117.8305,34.1751,-0.06028,710.1,1.1,0.1,-0.09422
-117.7833,34.1528,0.07766,710.1,0.3,0.1,0.04372
-117.7361,34.1306,0.18785,386.6,1.1,0.1,0.12577
-117.6890,34.1083,0.25065,351.9,1.1,0.1,0.05495
-117.6419,34.0860,0.27821,351.9,0.7,0.3,-0.15409
-117.5948,34.0637,0.23403,293.5,0.4,0.2,-0.07761
-117.5477,34.0414,0.18910,293.5,0.3,0.2,-0.12254
-117.5007,34.0190,0.15873,386.6,0.3,0.1,0.09665
-117.4536,33.9966,0.12228,710.1,0.3,0.1,-0.02996
-117.4067,33.9743,0.06312,351.9,0.3,0.2,-0.19173
-117.3597,33.9519,-0.10390,386.6,0.3,0.1,-0.28428
-117.3127,33.9294,-0.29134,710.1,0.0,0.0,-0.26613
-117.2658,33.9070,-0.25213,386.6,0.0,0.0,-0.25506
-117.2189,33.8846,-0.03804,293.5,0.0,0.0,-0.11308
-117.1721,33.8621,0.05838,NaN,0.0,0.0,0.05838
-117.1252,33.8396,0.01561,293.5,0.0,0.0,-0.05942
-118.9440,34.7425,-0.19748,710.1,0.0,0.0,-0.17227
-118.8962,34.7207,-0.03028,468.4,0.0,0.0,-0.03010
-118.8484,34.6989,0.05734,468.4,0.0,0.0,0.05752
-118.8007,34.6771,0.04014,468.4,0.0,0.0,0.04032
-118.7530,34.6552,0.06609,385.1,0.0,0.0,0.06273
-118.7053,34.6334,0.12763,468.4,0.3,0.3,-0.28624
-118.6576,34.6115,0.17932,468.4,0.3,0.3,-0.23455
-118.6100,34.5896,0.14636,468.4,0.3,0.1,-0.03091
-118.5623,34.5676,0.09306,468.4,0.3,0.1,-0.08421
-118.5147,34.5457,-0.00832,710.1,0.3,0.1,-0.16056
-118.4672,34.5237,0.02342,710.1,0.3,0.1,-0.06967
-118.4196,34.5018,0.23480,468.4,0.3,0.1,0.05753
-118.3721,34.4798,0.23399,385.1,1.9,0.1,0.17147
-118.3246,34.4577,0.04395,468.4,1.1,0.1,-0.13332
-118.2771,34.4357,-0.05639,710.1,0.8,0.3,-0.44523
-118.2297,34.4136,-0.10839,710.1,0.6,0.1,-0.14233
-118.1822,34.3916,-0.09158,710.1,0.7,0.1,-0.12552
-118.1348,34.3695,-0.04052,710.1,0.8,0.0,-0.01531
-118.0875,34.3474,-0.05905,710.1,0.6,0.0,-0.03384
-118.0401,34.3252,-0.06717,710.1,0.7,0.0,-0.04196
-117.9928,34.3031,-0.04165,710.1,0.8,0.0,-0.01644
-117.9455,34.2809,-0.03982,710.1,0.8,0.0,-0.01461
-117.8982,34.2587,-0.08307,710.1,0.6,0.0,-0.05786
-117.8510,34.2365,-0.19469,710.1,0.0,0.0,-0.16948
-117.8037,34.2143,-0.13591,710.1,0.8,0.1,-0.16985
-117.7565,34.1920,0.04137,710.1,0.8,0.0,0.06658
-117.7093,34.1698,0.21125,710.1,1.1,0.0,0.23646
-117.6622,34.1475,0.38309,351.9,1.1,0.3,-0.04921
-117.6151,34.1252,0.41948,386.6,1.1,0.3,0.00250
-117.5679,34.1029,0.32344,293.5,0.4,0.3,-0.16564
-117.5209,34.0805,0.28358,293.5,0.6,0.2,-0.02806
-117.4738,34.0582,0.29102,293.5,0.3,0.2,-0.02061
-117.4268,34.0358,0.27093,710.1,0.3,0.1,0.23699
-117.3798,34.0134,0.15522,386.6,0.3,0.1,-0.02516
-117.3328,33.9910,0.02300,386.6,0.3,0.1,-0.15738
-117.2858,33.9686,-0.05581,710.1,0.0,0.0,-0.03060
-117.2389,33.9461,-0.02015,386.6,0.0,0.0,-0.02308
-117.1920,33.9237,0.14020,351.9,0.8,0.0,0.12195
-117.1451,33.9012,0.20076,710.1,0.8,0.0,0.22597
-117.0982,33.8787,0.12105,293.5,0.9,0.0,0.04601
-118.9176,34.7819,-0.13264,710.1,0.0,0.0,-0.10743
-118.8698,34.7602,0.02032,468.4,0.0,0.0,0.02050
-118.8220,34.7383,0.10264,351.9,0.0,0.0,0.08439
-118.7742,34.7165,0.16044,468.4,0.0,0.0,0.16062
-118.7265,34.6946,0.19234,468.4,0.0,0.0,0.19251
-118.6788,34.6728,0.18382,468.4,0.0,0.0,0.18400
-118.6311,34.6509,0.13533,710.1,0.3,0.1,0.10139
-118.5834,34.6290,0.09101,710.1,0.3,0.1,0.05707
-118.5358,34.6070,0.03251,710.1,0.3,0.1,-0.00143
-118.4882,34.5851,-0.04508,385.1,0.3,0.1,-0.22589
-118.4406,34.5631,0.00664,710.1,0.3,0.1,-0.14560
-118.3930,34.5411,0.15826,710.1,0.3,0.1,0.00602
-118.3455,34.5191,0.13959,386.6,1.2,0.0,0.13666
-118.2980,34.4971,0.04293,385.1,1.1,0.0,0.03956
-118.2505,34.4750,0.02384,518.9,0.8,0.0,0.01799
-118.2030,34.4530,0.09499,386.6,0.8,0.0,0.09206
-118.1556,34.4309,0.14294,710.1,0.8,0.0,0.16815
-118.1082,34.4088,0.07555,710.1,0.8,0.0,0.10076
-118.0608,34.3866,-0.01356,710.1,0.6,0.0,0.01165
-118.0134,34.3645,-0.02187,710.1,0.7,0.0,0.00334
-117.9661,34.3423,-0.02792,710.1,0.6,0.0,-0.00271
-117.9188,34.3202,-0.04591,710.1,0.0,0.0,-0.02070
-117.8715,34.2980,-0.10284,710.1,0.0,0.0,-0.07763
-117.8242,34.2757,-0.15961,710.1,0.0,0.0,-0.13440
-117.7769,34.2535,-0.08950,710.1,0.6,0.0,-0.06429
-117.7297,34.2312,0.08189,710.1,0.8,0.0,0.10710
-117.6825,34.2090,0.26204,710.1,1.1,0.0,0.28725
-117.6354,34.1867,0.40857,710.1,1.2,0.0,0.43378
-117.5882,34.1644,0.40791,351.9,1.1,0.3,-0.02439
-117.5411,34.1420,0.34399,351.9,0.8,0.3,-0.08830
-117.4940,34.1197,0.32756,293.5,0.5,0.2,0.01592
-117.4469,34.0973,0.37906,293.5,0.5,0.2,0.06742
-117.3999,34.0749,0.40022,293.5,0.3,0.2,0.08858
-117.3528,34.0525,0.34173,386.6,0.3,0.1,0.16134
-117.3059,34.0301,0.25451,351.9,0.3,0.1,0.05881
-117.2589,34.0077,0.13424,386.6,0.3,0.1,-0.04615
-117.2119,33.9852,0.11797,710.1,0.8,0.0,0.14318
-117.1650,33.9627,0.21587,386.6,1.3,0.0,0.21294
-117.1181,33.9403,0.23854,468.4,1.5,0.0,0.23872
-117.0712,33.9177,0.16632,351.9,1.7,0.0,0.14808
-118.8912,34.8214,-0.15099,351.9,0.0,0.0,-0.16924
-118.8434,34.7996,-0.07686,710.1,0.0,0.0,-0.05165
-118.7956,34.7778,0.04475,468.4,0.0,0.0,0.04492
-118.7478,34.7559,0.21657,710.1,0.7,0.0,0.24178
-118.7000,34.7341,0.26381,710.1,0.8,0.0,0.28902
-118.6523,34.7122,0.13527,710.1,0.0,0.0,0.16048
-118.6046,34.6903,0.08146,710.1,0.0,0.0,0.10667
-118.5569,34.6683,0.12763,710.1,0.3,0.1,0.09369
-118.5093,34.6464,0.10389,710.1,0.3,0.1,0.06995
-118.4616,34.6244,0.04865,710.1,0.0,0.0,0.07386
-118.4140,34.6025,0.05180,710.1,0.0,0.0,0.07701
-118.3664,34.5805,0.07999,710.1,0.0,0.0,0.10520
-118.3189,34.5584,0.05295,710.1,0.0,0.0,0.07816
-118.2714,34.5364,0.03184,710.1,0.6,0.0,0.05705
-118.2239,34.5143,0.12296,710.1,0.7,0.0,0.14817
-118.1764,34.4923,0.39998,518.9,0.8,0.0,0.39413
-118.1289,34.4702,0.41968,710.1,0.8,0.0,0.44489
-118.0815,34.4481,0.12893,710.1,0.7,0.0,0.15414
-118.0341,34.4259,-0.01361,710.1,0.0,0.0,0.01160
-117.9867,34.4038,-0.01728,710.1,0.0,0.0,0.00793
-117.9393,34.3816,-0.02163,710.1,0.0,0.0,0.00358
-117.8920,34.3594,-0.02536,710.1,0.0,0.0,-0.00015
-117.8447,34.3372,-0.04607,710.1,0.0,0.0,-0.02086
-117.7974,34.3150,-0.05104,710.1,0.0,0.0,-0.02583
-117.7501,34.2927,0.02233,710.1,0.0,0.0,0.04754
-117.7029,34.2705,0.19349,710.1,0.7,0.0,0.21870
-117.6557,34.2482,0.35168,710.1,1.1,0.0,0.37689
-117.6085,34.2259,0.40413,710.1,1.4,0.0,0.42934
-117.5613,34.2035,0.36829,710.1,1.4,0.0,0.39351
-117.5142,34.1812,0.32184,710.1,1.1,0.1,0.28790
-117.4671,34.1589,0.29936,351.9,0.9,0.3,-0.13294
-117.4200,34.1365,0.40726,351.9,0.8,0.3,-0.02503
-117.3729,34.1141,0.48610,386.6,0.6,0.3,0.06912
-117.3259,34.0917,0.53755,293.5,1.1,0.2,0.16676
-117.2789,34.0692,0.45853,293.5,2.0,0.3,-0.03056
-117.2319,34.0468,0.20669,351.9,0.9,0.2,-0.10731
-117.1849,34.0243,0.13961,444.0,1.1,0.3,-0.27217
-117.1380,34.0018,0.21109,351.9,1.6,0.3,-0.22121
-117.0911,33.9793,0.22999,351.9,2.0,0.0,0.21174
-117.0442,33.9568,0.16904,444.0,2.4,0.0,0.17132
-118.8647,34.8608,-0.18982,710.1,0.0,0.0,-0.16461
-118.8169,34.8390,-0.10814,710.1,0.0,0.0,-0.08293
-118.7691,34.8172,0.06719,468.4,0.8,0.0,0.06737
-118.7213,34.7953,0.29166,386.6,1.4,0.0,0.28872
-118.6735,34.7735,0.38364,351.9,1.4,0.0,0.36539
-118.6258,34.7516,0.31351,710.1,0.9,0.0,0.33872
-118.5781,34.7297,0.32398,710.1,0.0,0.0,0.34919
-118.5304,34.7077,0.36448,710.1,0.0,0.0,0.38969
-118.4827,34.6858,0.36652,710.1,0.0,0.0,0.39173
-118.4350,34.6638,0.31637,710.1,0.0,0.0,0.34158
-118.3874,34.6418,0.28790,710.1,0.0,0.0,0.31311
-118.3398,34.6198,0.22763,710.1,0.0,0.0,0.25284
-118.2922,34.5978,0.19370,710.1,0.0,0.0,0.21891
-118.2447,34.5757,0.19993,710.1,0.0,0.0,0.22514
-118.1972,34.5537,0.32771,710.1,0.0,0.0,0.35292
-118.1497,34.5316,0.51987,710.1,0.0,0.0,0.54508
-118.1022,34.5095,0.47483,351.9,0.6,0.0,0.45658
-118.0548,34.4873,0.27366,710.1,0.0,0.0,0.29887
-118.0073,34.4652,0.16984,710.1,0.0,0.0,0.19506
-117.9599,34.4430,0.11621,710.1,0.0,0.0,0.14142
-117.9126,34.4208,0.12579,710.1,0.0,0.0,0.15100
-117.8652,34.3986,0.18043,710.1,0.0,0.0,0.20564
-117.8179,34.3764,0.20059,710.1,0.0,0.0,0.22580
-117.7706,34.3542,0.15467,710.1,0.0,0.0,0.17988
-117.7233,34.3319,0.22478,710.1,0.0,0.0,0.24999
-117.6761,34.3097,0.42813,710.1,0.6,0.0,0.45334
-117.6288,34.2874,0.59373,710.1,1.1,0.0,0.61894
-117.5816,34.2650,0.60266,710.1,1.4,0.0,0.62787
-117.5345,34.2427,0.50887,710.1,1.6,0.0,0.53408
-117.4873,34.2204,0.31295,710.1,1.3,0.0,0.33816
-117.4402,34.1980,0.20047,351.9,1.1,0.0,0.18222
-117.3931,34.1756,0.25562,351.9,1.1,0.4,-0.23583
-117.3460,34.1532,0.32613,293.5,1.2,0.3,-0.16295
-117.2989,34.1308,0.42492,293.5,1.0,0.3,-0.06417
-117.2519,34.1083,0.34730,293.5,0.4,0.2,0.03567
-117.2049,34.0859,0.15921,293.5,0.6,0.2,-0.15242
-117.1579,34.0634,0.11621,293.5,1.5,0.3,-0.37288
-117.1110,34.0409,0.18865,386.6,2.1,0.3,-0.22834
-117.0641,34.0184,0.20970,351.9,2.4,0.3,-0.22260
-117.0172,33.9959,0.14158,710.1,2.5,0.0,0.16679
-118.8383,34.9003,-0.22932,710.1,0.0,0.0,-0.20411
-118.7904,34.8785,-0.12382,710.1,0.0,0.0,-0.09861
-118.7426,34.8566,0.07447,710.1,0.9,0.0,0.09968
-118.6948,34.8348,0.37297,386.6,1.5,0.0,0.37004
-118.6470,34.8129,0.53308,351.9,1.8,0.0,0.51483
-118.5992,34.7910,0.56978,293.5,1.5,0.0,0.49475
-118.5515,34.7690,0.62089,386.6,1.4,0.0,0.61796
-118.5038,34.7471,0.65740,351.9,1.0,0.0,0.63915
-118.4561,34.7251,0.66845,351.9,0.8,0.0,0.65020
-118.4084,34.7032,0.63927,386.6,0.8,0.0,0.63633
-118.3608,34.6812,0.58847,386.6,0.8,0.0,0.58554
-118.3132,34.6591,0.47227,386.6,0.0,0.0,0.46933
-118.2656,34.6371,0.42684,351.9,0.0,0.0,0.40859
-118.2180,34.6150,0.44367,710.1,0.0,0.0,0.46889
-118.1705,34.5930,0.50706,293.5,0.0,0.0,0.43203
-118.1230,34.5709,0.52735,293.5,0.0,0.0,0.45232
-118.0755,34.5487,0.49831,351.9,0.0,0.0,0.48006
-118.0280,34.5266,0.48601,710.1,0.0,0.0,0.51122
-117.9806,34.5045,0.40657,351.9,0.0,0.0,0.38832
-117.9332,34.4823,0.29052,351.9,0.0,0.0,0.27227
-117.8858,34.4601,0.32431,444.0,0.6,0.0,0.32659
-117.8384,34.4379,0.49724,351.9,0.0,0.0,0.47900
-117.7911,34.4157,0.51360,386.6,0.0,0.0,0.51067
-117.7437,34.3934,0.35237,710.1,0.0,0.0,0.37758
-117.6965,34.3711,0.42273,710.1,0.6,0.0,0.44794
-117.6492,34.3489,0.72671,710.1,0.8,0.0,0.75192
-117.6020,34.3265,0.89074,710.1,1.2,0.0,0.91595
-117.5547,34.3042,0.88811,710.1,1.5,0.0,0.91332
-117.5075,34.2819,0.70000,710.1,1.6,0.0,0.72522
-117.4604,34.2595,0.26343,386.6,1.4,0.0,0.26049
-117.4132,34.2371,0.04620,351.9,1.2,0.3,-0.38610
-117.3661,34.2147,0.00900,386.6,1.4,0.3,-0.40799
-117.3190,34.1923,0.04368,351.9,1.4,0.3,-0.38862
-117.2720,34.1699,0.16020,351.9,1.6,0.3,-0.27210
-117.2249,34.1475,0.13403,351.9,1.2,0.1,-0.06167
-117.1779,34.1250,0.03991,386.6,1.1,0.2,-0.19962
-117.1309,34.1025,0.03754,351.9,1.5,0.3,-0.39476
-117.0839,34.0800,0.15285,386.6,1.8,0.3,-0.26414
-117.0370,34.0575,0.17011,386.6,1.8,0.3,-0.24688
-116.9901,34.0349,0.07229,710.1,2.0,0.0,0.09750
-118.8118,34.9397,-0.28908,710.1,0.0,0.0,-0.26387
-118.7639,34.9179,-0.21261,710.1,0.0,0.0,-0.18740
-118.7161,34.8960,-0.03776,710.1,0.7,0.0,-0.01255
-118.6682,34.8742,0.23746,386.6,1.2,0.0,0.23453
-118.6204,34.8523,0.41989,351.9,1.6,0.0,0.40165
-118.5726,34.8304,0.56236,351.9,1.6,0.0,0.54411
-118.5249,34.8084,0.64763,293.5,2.3,0.0,0.57259
-118.4772,34.7865,0.70362,293.5,3.8,0.0,0.62858
-118.4295,34.7645,0.72041,386.6,2.4,0.0,0.71748
-118.3818,34.7425,0.73903,710.1,1.4,0.0,0.76425
-118.3341,34.7205,0.70100,386.6,1.2,0.0,0.69806
-118.2865,34.6985,0.63267,293.5,1.1,0.0,0.55763
-118.2389,34.6764,0.60324,293.5,0.7,0.0,0.52821
-118.1913,34.6543,0.61217,293.5,0.8,0.0,0.53714
-118.1438,34.6323,0.62745,293.5,0.7,0.0,0.55242
-118.0962,34.6102,0.61242,293.5,0.0,0.0,0.53738
-118.0487,34.5880,0.59374,293.5,0.0,0.0,0.51870
-118.0012,34.5659,0.56346,293.5,0.0,0.0,0.48842
-117.9538,34.5437,0.47054,293.5,0.0,0.0,0.39550
-117.9064,34.5215,0.40454,293.5,0.7,0.0,0.32951
-117.8590,34.4993,0.46466,351.9,0.7,0.0,0.44641
-117.8116,34.4771,0.60706,351.9,0.7,0.0,0.58881
-117.7642,34.4549,0.59536,351.9,0.7,0.0,0.57711
-117.7169,34.4326,0.50782,351.9,0.8,0.0,0.48958
-117.6696,34.4103,0.59522,351.9,1.0,0.0,0.57697
-117.6223,34.3880,0.80744,351.9,1.2,0.0,0.78919
-117.5750,34.3657,0.89497,351.9,1.4,0.0,0.87672
-117.5278,34.3434,0.87979,351.9,1.5,0.0,0.86154
-117.4806,34.3210,0.66402,351.9,1.4,0.0,0.64577
-117.4334,34.2987,0.32305,710.1,1.3,0.0,0.34826
-117.3863,34.2763,0.12231,710.1,1.3,0.0,0.14752
-117.3391,34.2539,-0.01875,468.4,1.4,0.0,-0.01857
-117.2920,34.2315,-0.04114,710.1,1.6,0.0,-0.01593
-117.2449,34.2090,0.00234,710.1,1.6,0.0,0.02755
-117.1979,34.1865,-0.01728,710.1,1.4,0.0,0.00793
-117.1509,34.1641,-0.06972,710.1,1.4,0.0,-0.04451
-117.1039,34.1416,-0.06093,710.1,1.4,0.0,-0.03572
-117.0569,34.1191,0.00310,710.1,1.4,0.0,0.02831
-117.0099,34.0965,-0.00525,385.1,1.4,0.0,-0.00862
-116.9630,34.0740,-0.04664,710.1,1.6,0.0,-0.02143
-118.7853,34.9792,-0.35916,386.6,0.0,0.0,-0.36209
-118.7374,34.9573,-0.35424,710.1,0.0,0.0,-0.32903
-118.6895,34.9355,-0.22554,710.1,0.0,0.0,-0.20033
-118.6417,34.9136,-0.01062,710.1,0.8,0.0,0.01459
-118.5938,34.8917,0.19555,386.6,1.1,0.0,0.19262
-118.5460,34.8697,0.40823,351.9,1.5,0.0,0.38998
-118.4983,34.8478,0.52909,351.9,1.9,0.0,0.51084
-118.4505,34.8258,0.57720,228.2,2.5,0.0,0.38024
-118.4028,34.8039,0.62705,228.2,1.6,0.0,0.43010
-118.3551,34.7819,0.69738,293.5,1.3,0.0,0.62234
-118.3074,34.7598,0.71354,293.5,1.2,0.0,0.63850
-118.2598,34.7378,0.71104,293.5,1.1,0.0,0.63600
-118.2122,34.7157,0.70805,386.6,1.3,0.0,0.70511
-118.1646,34.6937,0.71246,228.2,1.5,0.0,0.51551
-118.1170,34.6716,0.71923,293.5,1.4,0.0,0.64419
-118.0695,34.6494,0.72229,228.2,1.1,0.0,0.52533
-118.0219,34.6273,0.67124,228.2,0.7,0.0,0.47428
-117.9745,34.6051,0.53853,293.5,0.0,0.0,0.46349
-117.9270,34.5830,0.45538,293.5,0.6,0.0,0.38034
-117.8795,34.5608,0.45788,293.5,0.6,0.0,0.38284
-117.8321,34.5386,0.51015,293.5,0.7,0.0,0.43511
-117.7847,34.5163,0.57548,351.9,0.7,0.0,0.55723
-117.7373,34.4941,0.58978,351.9,0.9,0.0,0.57153
-117.6900,34.4718,0.60594,351.9,1.1,0.0,0.58770
-117.6427,34.4495,0.66103,351.9,1.3,0.0,0.64278
-117.5954,34.4272,0.70900,351.9,1.5,0.0,0.69075
-117.5481,34.4049,0.73381,386.6,1.6,0.0,0.73087
-117.5009,34.3826,0.70274,386.6,1.6,0.0,0.69981
-117.4536,34.3602,0.58282,351.9,1.5,0.0,0.56457
-117.4064,34.3378,0.47802,351.9,1.4,0.0,0.45977
-117.3593,34.3154,0.30626,351.9,1.4,0.0,0.28802
-117.3121,34.2930,0.07403,710.1,1.5,0.0,0.09924
-117.2650,34.2706,-0.02993,710.1,1.4,0.0,-0.00472
-117.2179,34.2481,-0.06285,710.1,1.4,0.0,-0.03764
-117.1708,34.2256,-0.10341,710.1,1.4,0.0,-0.07820
-117.1238,34.2032,-0.15063,710.1,1.7,0.0,-0.12541
-117.0768,34.1806,-0.17650,710.1,1.6,0.0,-0.15128
-117.0298,34.1581,-0.20768,468.4,1.4,0.0,-0.20750
-116.9828,34.1356,-0.21045,710.1,1.1,0.0,-0.18524
-116.9359,34.1130,-0.16386,710.1,1.4,0.0,-0.13865
-118.7587,35.0186,-0.39370,351.9,0.0,0.0,-0.41195
-118.7108,34.9967,-0.38681,710.1,0.0,0.0,-0.36160
-118.6629,34.9749,-0.27386,710.1,0.0,0.0,-0.24865
-118.6151,34.9530,-0.10465,710.1,0.6,0.0,-0.07943
-118.5672,34.9311,0.09951,386.6,0.8,0.0,0.09658
-118.5194,34.9091,0.29557,386.6,0.8,0.0,0.29263
-118.4716,34.8872,0.42405,386.6,1.0,0.0,0.42111
-118.4239,34.8652,0.49512,293.5,1.1,0.0,0.42009
-118.3761,34.8432,0.57564,293.5,1.0,0.0,0.50060
-118.3284,34.8212,0.65627,228.2,1.1,0.0,0.45931
-118.2807,34.7992,0.70342,228.2,1.1,0.0,0.50647
-118.2331,34.7771,0.73157,228.2,1.2,0.0,0.53461
-118.1854,34.7550,0.74462,386.6,1.5,0.0,0.74169
-118.1378,34.7330,0.75352,386.6,1.9,0.0,0.75058
-118.0902,34.7108,0.75642,228.2,1.9,0.0,0.55946
-118.0427,34.6887,0.74701,293.5,1.5,0.0,0.67197
-117.9951,34.6666,0.67263,293.5,1.1,0.0,0.59759
-117.9476,34.6444,0.55248,293.5,0.7,0.0,0.47745
-117.9001,34.6222,0.49662,351.9,0.7,0.0,0.47837
-117.8527,34.6000,0.50180,710.1,0.7,0.0,0.52701
-117.8052,34.5778,0.53590,293.5,0.6,0.0,0.46087
-117.7578,34.5556,0.57122,293.5,0.7,0.0,0.49619
-117.7105,34.5333,0.59890,293.5,1.0,0.0,0.52387
-117.6631,34.5110,0.62907,293.5,1.4,0.0,0.55403
-117.6158,34.4887,0.64849,351.9,1.5,0.0,0.63024
-117.5684,34.4664,0.64234,351.9,1.6,0.0,0.62409
-117.5212,34.4441,0.63902,351.9,1.8,0.0,0.62077
-117.4739,34.4217,0.60519,351.9,1.7,0.0,0.58694
-117.4267,34.3993,0.55090,386.6,1.6,0.0,0.54797
-117.3794,34.3770,0.49717,351.9,1.4,0.0,0.47892
-117.3323,34.3545,0.33402,386.6,1.4,0.0,0.33108
-117.2851,34.3321,0.12703,293.5,1.4,0.0,0.05199
-117.2380,34.3097,-0.00114,710.1,1.3,0.0,0.02407
-117.1908,34.2872,-0.07666,710.1,1.2,0.0,-0.05145
-117.1438,34.2647,-0.13768,710.1,1.3,0.0,-0.11247
-117.0967,34.2422,-0.19543,710.1,1.7,0.0,-0.17022
-117.0497,34.2197,-0.24304,710.1,1.8,0.0,-0.21783
-117.0027,34.1972,-0.29115,710.1,1.6,0.0,-0.26594
-116.9557,34.1746,-0.27750,386.6,1.4,0.0,-0.28044
-116.9087,34.1520,-0.22760,710.1,1.4,0.0,-0.20239
