-119.336999976,34.1500010364,-0.126301,NaN,NaN,4.6,0
-119.289458115,34.1283572771,-0.161456,NaN,NaN,0,0
-119.241939758,34.1066940424,-0.217345,NaN,NaN,0,0
-119.194444913,34.0850113761,-0.296676,NaN,NaN,0,0
-119.146973585,34.063309322,-0.422438,NaN,NaN,0,0
-119.099525778,34.041587924,-0.578351,NaN,NaN,0.6,0
-119.052101499,34.019847226,-0.68461,NaN,NaN,1.1,0
-119.004700752,33.9980872718,-0.735114,NaN,NaN,1.05,0
-118.957323543,33.9763081053,-0.749148,NaN,NaN,1.15,0
-118.909969877,33.9545097704,-0.738307,NaN,NaN,1.45,0
-118.86263942,33.9326923162,-0.709495,NaN,NaN,1.9,0
-118.815332853,33.9108557762,-0.669224,NaN,NaN,2.1,0
-118.768049843,33.8890001996,-0.625179,NaN,NaN,1.8,0
-118.720790395,33.8671256304,-0.583129,NaN,NaN,1.35,0
-118.673554511,33.8452321126,-0.544984,NaN,NaN,1.1,0
-118.626342198,33.8233196901,-0.511509,NaN,NaN,1.1,0
-118.579153458,33.801388407,-0.485533,NaN,NaN,1.15,0
-118.531988297,33.7794383072,-0.471521,NaN,NaN,1.2,0
-118.484846717,33.7574694348,-0.473543,NaN,NaN,1.4,0
-118.437728722,33.7354818338,-0.49603,NaN,NaN,1.6,0
-118.390634316,33.7134755483,-0.464898,NaN,NaN,1.7,0
-118.343563503,33.6914506223,-0.391838,NaN,NaN,1.5,0
-118.296516285,33.6694071,-0.355061,NaN,NaN,1.3,0
-118.24949233,33.6473450287,-0.340575,NaN,NaN,1.9,0.4
-118.202492314,33.6252644457,-0.333983,NaN,NaN,2.4,0.5
-118.155515903,33.6031653985,-0.320911,NaN,NaN,2.9,0.7
-118.1085631,33.5810479314,-0.296292,NaN,NaN,3.45,1.25
-118.061633908,33.5589120884,-0.268138,NaN,NaN,3.6,1.4
-118.01472833,33.5367579137,-0.253496,NaN,NaN,2.8,0
-117.967846367,33.5145854513,-0.26115,NaN,NaN,2.3,0
-117.920988023,33.4923947456,-0.28076,NaN,NaN,1.75,0
-117.8741533,33.4701858406,-0.296529,NaN,NaN,1.4,0
-117.827342199,33.4479587805,-0.302656,NaN,NaN,1.2,0
-117.780554724,33.4257136095,-0.302203,NaN,NaN,1.1,0
-117.733790875,33.4034503717,-0.300835,NaN,NaN,1.15,0
-117.687050655,33.3811691115,-0.302058,NaN,NaN,1.35,0
-117.640334066,33.358869873,-0.305696,NaN,NaN,1.5,0
-117.593641108,33.3365527004,-0.313834,NaN,NaN,1.5,0
-117.546971785,33.314217638,-0.353104,NaN,NaN,1.45,0
-117.500326096,33.2918647299,-0.429513,NaN,NaN,1.2,0
-119.310966774,34.1895354099,-0.0730176,NaN,NaN,4.8,1.5
-119.263408189,34.1678823141,-0.110053,NaN,NaN,4.4,0.9
-119.215873173,34.1462097316,-0.176123,228.2,NaN,3.65,0.7
-119.168361732,34.1245177061,-0.25983,228.2,280,3.25,0.75
-119.120873871,34.1028062817,-0.431564,176.1,280,2.7,0.95
-119.073409595,34.0810755023,-0.65431,NaN,NaN,3.05,0.35
-119.02596891,34.0593254116,-0.742329,NaN,NaN,3.1,0.35
-118.978551822,34.0375560537,-0.76947,NaN,NaN,2.8,0.35
-118.931158334,34.0157674726,-0.76504,NaN,NaN,0,0
-118.883788453,33.9939597122,-0.738438,NaN,NaN,0.8,0
-118.836441844,33.9721328215,-0.693667,NaN,NaN,1.45,0
-118.789119188,33.9502868343,-0.637004,NaN,NaN,1.85,0
-118.741820153,33.9284217997,-0.580992,NaN,NaN,1.6,0
-118.694544742,33.9065377619,-0.532327,NaN,NaN,1.25,0
-118.64729296,33.8846347647,-0.488288,NaN,NaN,1.2,0
-118.600064768,33.8627105985,-0.445891,NaN,NaN,1.2,0
-118.552860257,33.8407698149,-0.409411,NaN,NaN,1.15,0
-118.505679386,33.8188102042,-0.385811,NaN,NaN,1.1,0
-118.458522159,33.7968318106,-0.374777,NaN,NaN,1.3,0
-118.411388581,33.774834678,-0.358377,386.6,390,1.4,0
-118.364278655,33.7528188505,-0.302726,385.1,390,1.5,0
-118.317192384,33.7307843724,-0.273337,386.6,390,1.6,0
-118.270129771,33.7087312878,-0.257032,NaN,NaN,1.7,0.35
-118.223090483,33.686659644,-0.265851,NaN,NaN,2.1,0.85
-118.176075197,33.6645694785,-0.278964,NaN,NaN,2.85,0.85
-118.129083578,33.6424608389,-0.271223,NaN,NaN,3.15,1
-118.08211563,33.6203337694,-0.236934,NaN,NaN,3.15,1.05
-118.035171355,33.5981883141,-0.191789,NaN,NaN,3.4,1.1
-117.988250756,33.5760245173,-0.176338,NaN,NaN,3.1,0.65
-117.941353835,33.5538424231,-0.207113,NaN,NaN,2.4,0
-117.894480595,33.5316420757,-0.251252,NaN,NaN,1.9,0
-117.847631038,33.5094235195,-0.277138,NaN,NaN,1.6,0
-117.800805165,33.4871867986,-0.284662,NaN,NaN,1.45,0
-117.75400298,33.4649319572,-0.284211,NaN,NaN,1.4,0
-117.707224483,33.4426590396,-0.287312,NaN,NaN,1.5,0
-117.660469677,33.4203680901,-0.298609,NaN,NaN,1.55,0
-117.613738564,33.3980591529,-0.313898,NaN,NaN,2,0
-117.567031144,33.3757322724,-0.316803,386.6,387,1.45,0
-117.520347419,33.3533874927,-0.374139,468.4,390,1.1,0
-117.473687391,33.3310248582,-0.489091,468.4,390,0,0
-119.284909948,34.229062758,-0.0117153,NaN,NaN,6.15,1.15
-119.237334634,34.2074003001,-0.0516769,293.5,280,4.35,0.75
-119.189782954,34.1857183442,-0.147605,228.2,280,3.7,0.55
-119.142254913,34.1640169341,-0.305929,228.2,280,2.6,0.55
-119.094750515,34.1422961138,-0.535732,228.2,280,2.45,0.7
-119.047269766,34.1205559273,-0.725684,385.1,390,2.2,0.35
-118.999812672,34.0987964186,-0.77915,518.9,515,1.9,0.35
-118.952379238,34.0770176317,-0.781406,385.1,390,2.35,0.35
-118.904969468,34.0552196105,-0.760383,385.1,515,2.2,0.35
-118.857583368,34.0334023991,-0.720804,NaN,NaN,0,0
-118.810220604,34.0115660465,-0.660288,385.1,390,0.9,0
-118.762881857,33.9897105866,-0.583221,NaN,NaN,1.2,0
-118.715566793,33.9678360688,-0.518474,NaN,NaN,1.15,0
-118.668275416,33.9459425369,-0.471103,NaN,NaN,1.25,0
-118.621007732,33.9240300352,-0.425194,NaN,NaN,1.2,0
-118.573763743,33.9020986076,-0.369829,NaN,NaN,1.1,0
-118.526543455,33.8801482985,-0.316855,NaN,NaN,1.05,0.55
-118.47934687,33.8581791518,-0.281538,NaN,NaN,0.9,0.35
-118.432173992,33.8361912116,-0.255838,NaN,NaN,1.7,0.55
-118.385024826,33.8141845223,-0.211453,386.6,387,1.75,0.6
-118.337899375,33.7921591279,-0.17613,351.9,387,2.1,0.65
-118.290797641,33.7701150725,-0.146968,386.6,387,2.3,0.75
-118.243719629,33.7480524005,-0.139106,225.6,NaN,2.45,0.95
-118.196665003,33.7259711592,-0.184284,NaN,NaN,2.95,0.9
-118.149634443,33.7038713862,-0.224727,NaN,NaN,3.1,0.85
-118.102627612,33.6817531292,-0.219259,NaN,NaN,3.3,0.8
-118.055644515,33.6596164323,-0.166914,NaN,NaN,3.4,0.7
-118.008685154,33.6374613397,-0.0812615,NaN,NaN,3.5,0.8
-117.96174953,33.6152878958,-0.0672055,NaN,NaN,3.4,0.35
-117.914837647,33.5930961448,-0.151209,NaN,NaN,3.1,0.35
-117.867949508,33.570886131,-0.231508,NaN,NaN,1.9,0
-117.821085113,33.5486578986,-0.258482,NaN,NaN,1.7,0
-117.774244465,33.526411492,-0.263676,NaN,NaN,1.65,0
-117.727427567,33.5041469553,-0.261732,468.4,390,1.7,0
-117.680634419,33.4818643331,-0.276606,351.9,349,1.9,0
-117.633865024,33.4595636695,-0.31161,385.1,390,2.2,0
-117.587119383,33.4372450088,-0.367946,385.1,390,3.65,0
-117.540397498,33.4149083955,-0.435637,385.1,515,1.45,0
-117.49369937,33.3925538738,-0.528775,468.4,515,0,0
-117.447025,33.3701814881,-0.602082,386.6,515,0,0
-119.258829555,34.2685875614,0.0618676,293.5,280,6.1,0.85
-119.211237506,34.246915716,0.0292887,293.5,280,6.55,0.65
-119.163669155,34.2252243613,-0.10225,228.2,280,3.65,0.55
-119.116124506,34.2035135412,-0.368888,228.2,280,2.45,0.55
-119.068603565,34.1817832997,-0.610382,228.2,349,3.2,0.35
-119.021106337,34.1600336808,-0.72063,518.9,515,2.45,0.15
-118.973632828,34.1382647287,-0.764172,385.1,390,1.75,0.15
-118.926183041,34.1164764873,-0.747593,518.9,515,0.35,0.15
-118.878756983,34.0946690007,-0.718295,518.9,515,0.35,0.15
-118.831354658,34.072842313,-0.673183,468.4,515,0.35,0.35
-118.783975733,34.0509964733,-0.597464,385.1,390,0,0
-118.736620888,34.0291315156,-0.495294,NaN,NaN,0,0
-118.68928979,34.0072474891,-0.433993,NaN,NaN,0.6,0
-118.641982443,33.985344438,-0.407504,NaN,NaN,0.75,0
-118.594698851,33.9634224064,-0.36771,NaN,NaN,0.85,0
-118.547439018,33.9414814386,-0.287259,NaN,NaN,1.85,1
-118.500202948,33.9195215785,-0.208321,NaN,NaN,1.85,1.05
-118.452990646,33.8975428705,-0.170194,NaN,NaN,1.85,1.05
-118.405802113,33.8755453588,-0.153925,351.9,387,2.2,0.95
-118.358637356,33.8535290875,-0.131127,386.6,387,2.45,0.9
-118.311496375,33.8314941009,-0.0917206,386.6,387,3,0.8
-118.264379176,33.8094404432,-0.0244587,386.6,387,3.35,0.75
-118.217285761,33.7873681587,0.00700572,228.2,236,3.4,0.7
-118.170215796,33.7652772948,-0.0904456,386.6,387,3.7,0.7
-118.123169958,33.7431678892,-0.149706,NaN,NaN,3.85,0.65
-118.076147913,33.7210399896,-0.144532,293.5,280,3.1,0.65
-118.029149664,33.6988936402,-0.0733853,176.1,280,3.5,0.6
-117.982175213,33.6767288854,0.083829,228.2,280,3.85,0.55
-117.935224563,33.6545457694,0.078522,386.6,387,3.85,0.35
-117.888297716,33.6323443366,-0.104247,NaN,NaN,3.25,0.35
-117.841394674,33.6101246313,-0.210674,385.1,390,2,0
-117.79451544,33.5878866978,-0.217274,468.4,390,1.9,0
-117.747660015,33.5656305805,-0.223983,468.4,390,1.95,0
-117.700828402,33.5433563238,-0.223023,385.1,390,2.05,0
-117.654020602,33.5210639719,-0.266961,385.1,390,2.2,0
-117.607236616,33.4987535693,-0.341396,385.1,390,2.5,0
-117.560476447,33.4764251603,-0.466091,386.6,515,3.65,0
-117.513740095,33.4540787894,-0.640774,502.5,540,1.05,0
-117.467027562,33.4317145009,-0.73609,351.9,540,0,0
-117.42033885,33.4093323392,-0.724961,518.9,748,0,0
-119.23272541,34.3081052896,0.146933,385.1,390,5.95,0.35
-119.185116623,34.2864240311,0.158405,351.9,390,7.15,0.8
-119.137531596,34.264723252,0.0256645,228.2,280,2.45,0.4
-119.089970336,34.2430029963,-0.280042,386.6,390,2.25,0.35
-119.042432848,34.221263308,-0.511514,293.5,387,3.25,0.55
-118.994919136,34.1995042312,-0.613706,518.9,515,3.25,0.35
-118.947429207,34.1777258102,-0.645783,386.6,349,0.35,0.35
-118.899963065,34.1559280888,-0.639873,351.9,349,0.35,0.35
-118.852520715,34.1341111114,-0.610621,351.9,515,0.35,0.35
-118.805102162,34.112274922,-0.55644,518.9,515,0.35,0.15
-118.757707072,34.0904195696,-0.465977,468.4,390,0,0
-118.710336127,34.0685450886,-0.363274,468.4,390,0,0
-118.662988991,34.0466515282,-0.325957,468.4,390,0,0
-118.61566567,34.0247389324,-0.362935,NaN,NaN,0,0
-118.568366168,34.0028073457,-0.34345,NaN,NaN,2.15,0.9
-118.521090488,33.9808568121,-0.198421,NaN,NaN,1.85,0.75
-118.473838635,33.9588873759,-0.0787082,NaN,NaN,1.85,0.8
-118.426610612,33.9368990813,-0.0624404,386.6,387,3.4,0.8
-118.379406423,33.9148919727,-0.0737477,386.6,387,3.75,0.75
-118.332226072,33.8928660942,-0.0539386,386.6,387,3.85,0.6
-118.285069561,33.8708214902,-0.0327661,386.6,387,4,0.6
-118.237936894,33.8487582049,0.0651293,351.9,387,3.95,0.6
-118.190828074,33.8266762826,0.161825,386.6,387,4.3,0.65
-118.143742767,33.8045757709,0.1035,386.6,387,3.05,0.65
-118.09668165,33.7824567076,0.0618346,228.2,280,3.2,0.65
-118.04964439,33.7603191403,0.0530779,228.2,280,3.55,0.65
-118.002630987,33.7381631134,0.128576,228.2,280,4.2,0.65
-117.955641446,33.7159886712,0.229621,228.2,280,4.45,0.55
-117.908675768,33.693795858,0.177725,293.5,280,4.15,0.45
-117.861733956,33.6715847184,-6.6311e-05,386.6,387,2.85,0.35
-117.814816012,33.6493552966,-0.0817879,468.4,390,2.1,0
-117.767921937,33.627107637,-0.092293,468.4,609,2,0
-117.721051735,33.604841784,-0.116876,385.1,390,2.1,0
-117.674205406,33.5825577822,-0.159691,385.1,390,2,0
-117.627382952,33.5602556757,-0.259247,385.1,390,1.6,0
-117.580584376,33.5379355092,-0.41758,468.4,515,1.2,0
-117.533809678,33.515597327,-0.604201,502.5,540,0,0
-117.487058859,33.4932411736,-0.777894,502.5,540,0,0
-117.440331922,33.4708670934,-0.837424,518.9,748,0,0
-117.393628867,33.4484751309,-0.804503,710.1,748,0,0
-119.20659757,34.3476204235,0.215434,385.1,390,4.75,0.35
-119.158972036,34.3259297264,0.318793,385.1,455,6.35,0.65
-119.111370328,34.3042194974,0.207136,293.5,280,6.3,0.35
-119.063792449,34.2824897806,-0.140102,386.6,390,5.2,0.35
-119.016238407,34.2607406202,-0.359142,444,455,2.5,0.35
-118.968708206,34.2389720601,-0.437623,386.6,387,3.15,0.35
-118.921201851,34.2171841447,-0.469287,518.9,515,2.65,0.35
-118.873719348,34.1953769181,-0.477271,386.6,349,0.35,0.35
-118.8262607,34.1735504244,-0.457521,385.1,390,0.35,0.35
-118.778825913,34.1517047079,-0.406672,518.9,515,2.25,0.35
-118.731414652,34.1298398176,-0.32345,385.1,390,1.85,0.15
-118.6840276,34.107955788,-0.201114,518.9,390,1,0.1
-118.636664422,34.0860526683,-0.199674,468.4,515,0.35,0.35
-118.589325122,34.0641305027,-0.373194,502.5,748,0,0
-118.542009704,34.0421893354,-0.410935,386.6,390,3,0.35
-118.494718173,34.0202292109,-0.080693,386.6,387,2.95,0.65
-118.447450531,33.9982501733,0.0830577,293.5,280,4.55,0.6
-118.400206783,33.9762522669,0.0149509,386.6,387,4.65,0.6
-118.352986932,33.9542355362,-0.0175336,386.6,387,4.25,0.6
-118.305790982,33.9322000253,0.0455181,386.6,387,3.4,0.6
-118.258618936,33.9101457787,0.135122,386.6,387,3.6,0.65
-118.211470797,33.8880728407,0.294218,228.2,280,4.25,0.75
-118.164346568,33.8659812556,0.362929,228.2,280,4.5,0.8
-118.117245915,33.843871071,0.326471,228.2,280,4.6,0.8
-118.070169516,33.8217423248,0.280834,228.2,280,4.55,0.8
-118.023117035,33.7995950648,0.26041,228.2,280,4.75,0.8
-117.976088476,33.7774293352,0.305737,228.2,280,4.8,0.7
-117.929083841,33.7552451806,0.327545,228.2,280,4.9,0.6
-117.882103131,33.7330426453,0.253621,293.5,280,4.65,0.45
-117.835146351,33.7108217738,0.0927452,228.2,280,2.05,0.35
-117.7882135,33.6885826105,0.0307146,293.5,280,1.8,0.35
-117.741304582,33.6663251999,0.0287491,293.5,280,1.5,0
-117.694419599,33.6440495864,-0.0181278,386.6,390,1.5,0
-117.647558552,33.6217558144,-0.10724,385.1,390,1.45,0
-117.600721442,33.5994439286,-0.273622,468.4,515,1.05,0
-117.553908272,33.5771139732,-0.533126,502.5,748,0,0
-117.507119043,33.554765993,-0.731142,502.5,540,0,0
-117.460353756,33.5324000322,-0.846742,518.9,748,0,0
-117.413612411,33.5100161355,-0.877167,710.1,748,0,0
-117.366895012,33.4876143474,-0.83438,351.9,748,0,0
-119.180445852,34.3871284322,0.204577,385.1,390,3.15,0.35
-119.132803567,34.365428271,0.296564,385.1,390,5.15,0.35
-119.085185172,34.3437085665,0.199127,293.5,280,6.6,1
-119.037590672,34.321969363,-0.0337374,385.1,390,1.25,0.35
-118.990020072,34.3002107047,-0.179503,444,455,2.55,0.35
-118.942473377,34.2784326358,-0.252875,444,349,3.15,0.35
-118.894950593,34.2566352005,-0.283607,444,455,3.1,0.35
-118.847451724,34.234818443,-0.252128,468.4,390,1,0.35
-118.799976775,34.2129824076,-0.257963,502.5,540,0.35,0.35
-118.752525751,34.1911271386,-0.315665,502.5,390,2.9,0.05
-118.705098317,34.1692526848,-0.265178,385.1,390,2.65,0.1
-118.657695155,34.1473590812,-0.0823031,385.1,390,2.3,0.1
-118.610315931,34.1254463767,-0.0966389,385.1,390,1.75,0.1
-118.56296065,34.1035146158,-0.409643,468.4,748,0.35,0.15
-118.515629314,34.0815638427,-0.595479,710.1,748,0.35,0.15
-118.468321928,34.0595941018,-0.19616,386.6,387,0.45,0.35
-118.421038495,34.0376054374,0.0942403,293.5,387,4.5,0.65
-118.37377902,34.015597894,0.0314453,444,280,3.95,0.6
-118.326543505,33.9935715158,0.0510798,386.6,280,4.45,0.7
-118.279331954,33.9715263473,0.167381,293.5,280,5.35,0.85
-118.232144371,33.9494624328,0.320883,228.2,280,5.7,0.9
-118.184980758,33.9273798168,0.494459,228.2,280,5.6,0.9
-118.137841119,33.9052785437,0.450566,228.2,280,5.35,0.9
-118.090725118,33.8831586609,0.346132,228.2,280,4.65,0.8
-118.043633435,33.8610202067,0.267381,228.2,280,4.55,0.8
-117.996565733,33.8388632287,0.275394,228.2,280,3.7,0.7
-117.949522015,33.8166877714,0.303515,228.2,280,4.15,0.65
-117.902502285,33.7944938792,0.299762,228.2,280,3.05,0.5
-117.855506543,33.7722815967,0.205325,293.5,280,3.5,0.35
-117.808534793,33.7500509682,0.0598205,293.5,280,1.85,0.35
-117.761587036,33.7278020384,-0.00396017,351.9,280,1.45,0
-117.714663274,33.7055348516,0.0159969,502.5,540,1.15,0
-117.667763509,33.6832494525,-0.0327761,468.4,390,1.15,0
-117.620887743,33.6609458855,-0.180138,468.4,390,1.05,0
-117.574035977,33.6386241952,-0.396488,468.4,387,0.35,0
-117.527208214,33.6162844262,-0.629662,502.5,748,0,0
-117.480404453,33.5939266229,-0.788125,710.1,748,0,0
-117.433624696,33.5715508299,-0.851935,710.1,748,0,0
-117.386868946,33.5491570918,-0.856429,710.1,748,0,0
-117.340137201,33.5267454532,-0.822659,710.1,748,0,0
-119.154270307,34.4266337968,0.096975,385.1,390,1.7,0.4
-119.106611265,34.4049241458,0.151407,351.9,390,4,0.35
-119.058976177,34.3831949403,0.126462,385.1,390,6.05,0.45
-119.011365048,34.3614462247,0.0508765,293.5,280,6.3,1.1
-118.963777884,34.3396780431,0.0309686,385.1,390,1.6,0.35
-118.91621469,34.3178904399,-0.0456069,386.6,390,2.85,0.35
-118.86867547,34.2960834592,-0.0804488,444,390,3.25,0.35
-118.82116023,34.2742571455,0.0265555,518.9,515,2.05,0.35
-118.773668974,34.2524115429,-0.0637439,351.9,387,0.95,0.35
-118.726201706,34.2305466959,-0.328906,468.4,515,0.35,0.35
-118.678758093,34.2086626534,-0.292527,502.5,540,0.35,0.05
-118.631338816,34.1867594503,0.0387216,293.5,280,2.6,0.25
-118.583943542,34.1648371358,0.130836,385.1,280,2.1,0.25
-118.536572273,34.1428957542,-0.210314,502.5,390,0.5,0.1
-118.489225013,34.12093535,-0.382169,710.1,748,0.35,0.35
-118.441901768,34.0989559675,-0.3947,710.1,748,0.35,0.1
-118.394602539,34.0769576511,-0.238346,351.9,280,5.05,0.35
-118.347327332,34.0549404452,0.0570059,386.6,387,2.35,0.35
-118.300076148,34.0329043944,0.115253,293.5,280,2.45,0.4
-118.252848993,34.010849543,0.245587,293.5,280,4.4,0.6
-118.205645868,33.9887759355,0.359215,293.5,280,5.05,0.75
-118.158466777,33.9666836163,0.455287,228.2,280,4.95,0.8
-118.111311723,33.9445726299,0.373718,228.2,280,4.25,0.75
-118.064180371,33.9224430238,0.184892,386.6,390,3.65,0.7
-118.017073399,33.9002948365,0.108535,386.6,387,3.1,0.65
-117.969990472,33.8781281155,0.167418,351.9,387,3.2,0.65
-117.922931593,33.8559429053,0.204022,228.2,280,4.5,0.65
-117.875896763,33.8337392505,0.194948,293.5,280,3.55,0.5
-117.828885986,33.8115171957,0.102861,293.5,280,2.1,0.35
-117.781899263,33.7892767852,-0.0606099,518.9,387,1.8,0
-117.734936596,33.7670180638,-0.116511,385.1,390,1.35,0
-117.687997987,33.744741076,-0.036852,468.4,515,1.05,0
-117.641083438,33.7224458663,-0.0931727,502.5,540,0.85,0
-117.59419295,33.7001324793,-0.316326,710.1,748,0.8,0
-117.547326526,33.6778009596,-0.500982,518.9,748,0,0
-117.500484165,33.6554513519,-0.655951,710.1,748,0,0
-117.453665871,33.6330837006,-0.776221,710.1,748,0,0
-117.406871643,33.6106980506,-0.786894,710.1,748,0,0
-117.360101483,33.5882944462,-0.797797,710.1,748,0,0
-117.313355392,33.5658729322,-0.785676,710.1,748,0,0
-119.128070757,34.4661319862,-0.0724543,385.1,515,1.75,0.15
-119.080394953,34.4444128197,-0.0701831,385.1,515,4,0.15
-119.032743168,34.4226740877,-0.0102567,386.6,390,4.45,0.15
-118.985115407,34.4009158342,0.183538,351.9,387,6.2,0.9
-118.937511675,34.3791381037,0.382724,293.5,390,6.05,1.05
-118.889931977,34.3573409405,0.330033,385.1,390,1.2,0.35
-118.842376318,34.335524389,0.251477,385.1,390,2.15,0.35
-118.794844703,34.3136884934,0.183056,468.4,515,2,0.35
-118.747337136,34.2918332981,-0.0335009,468.4,515,1.35,0.35
-118.699853622,34.2699588476,-0.287902,385.1,515,0.9,0.35
-118.652393827,34.2480651908,-0.222603,502.5,540,0.35,0.05
-118.604958772,34.2261523583,0.113285,293.5,280,2.55,0.1
-118.557547104,34.2042204127,0.254356,293.5,280,2.55,0.25
-118.510159845,34.182269385,0.122585,293.5,280,1.85,0.25
-118.46279666,34.1602993242,-0.0334692,293.5,280,1.65,0.4
-118.415457552,34.1383102746,-0.16328,385.1,390,1,0.25
-118.368142526,34.1163022808,-0.0475559,710.1,515,5.1,0.35
-118.320851584,34.0942753872,0.141725,293.5,280,2.05,0.35
-118.27358473,34.0722296383,0.121619,385.1,390,2,0.35
-118.226341967,34.0501650787,0.15524,351.9,280,2.25,0.35
-118.179123299,34.0280817528,0.111673,386.6,387,2.45,0.45
-118.131928728,34.0059797052,0.204499,386.6,387,2.9,0.55
-118.084758258,33.9838589803,0.172921,228.2,280,3.7,0.6
-118.037611553,33.9617196257,0.088509,351.9,349,3.65,0.6
-117.990489291,33.93956168,0.0417933,386.6,387,3.6,0.6
-117.943391138,33.9173851907,0.070375,351.9,349,3.65,0.6
-117.896317096,33.8951902025,0.107526,385.1,387,3.95,0.55
-117.849267167,33.8729767599,0.107725,386.6,387,2.45,0.45
-117.802241353,33.8507449075,0.0318429,351.9,354,2.25,0.35
-117.755239656,33.82849469,-0.0956439,385.1,390,1.75,0
-117.708262079,33.8062261519,-0.140728,468.4,515,1.45,0
-117.661308622,33.7839393379,-0.136062,502.5,540,1.15,0
-117.614379288,33.7616342925,-0.212072,351.9,748,1.1,0
-117.567474079,33.7393110605,-0.278944,710.1,748,1.05,0
-117.520592995,33.7169696865,-0.345336,710.1,748,0.65,0
-117.473736039,33.6946102151,-0.482401,710.1,748,0,0
-117.42690321,33.672232691,-0.596437,710.1,748,0,0
-117.380094511,33.6498371588,-0.686194,386.6,748,0,0
-117.333309943,33.6274236633,-0.742242,386.6,387,0,0
-117.286549505,33.6049922491,-0.741386,293.5,387,0,0
-119.10184725,34.5056274814,-0.253146,385.1,515,0.35,0.15
-119.054154678,34.4838987739,-0.338832,385.1,515,0.35,0.15
-119.006486189,34.4621504896,-0.179387,468.4,515,4,0.1
-118.958841789,34.4403826728,0.324621,468.4,390,6.05,0.1
-118.911221483,34.4185953679,0.662007,385.1,390,6.1,0.55
-118.863625275,34.3967886193,0.620891,351.9,280,6.1,1.2
-118.816053171,34.3749624713,0.491934,468.4,390,1.15,0.35
-118.768505175,34.3531169684,0.220342,351.9,390,1.6,0.35
-118.720981292,34.331252155,-0.0240158,444,390,1.7,0.35
-118.673481527,34.3093680755,-0.225328,385.1,515,0.75,0.35
-118.626005883,34.2874647745,-0.177847,502.5,540,0.35,0.05
-118.578554365,34.2655422963,0.0896734,386.6,455,2.75,0.05
-118.531126638,34.2436006897,0.244496,386.6,280,2.95,0.35
-118.483723384,34.2216399906,0.299861,293.5,280,3.1,0.35
-118.436344268,34.1996602478,0.283609,293.5,280,2.5,0.35
-118.388989293,34.1776615058,0.26039,293.5,280,1.2,0.35
-118.341658464,34.1556438093,0.288185,293.5,280,1,0.45
-118.294351783,34.1336072026,0.189338,518.9,390,0.35,0.1
-118.247069254,34.1115517305,0.298633,386.6,280,1.25,0.3
-118.19981088,34.0894774373,0.184764,385.1,390,2,0.35
-118.152576664,34.0673843678,0.116877,386.6,387,2,0.35
-118.105366609,34.0452725665,0.162882,468.4,387,3.4,0.5
-118.058180718,34.0231420779,0.199859,293.5,280,4.65,0.5
-118.011018656,34.0009929496,0.116937,468.4,390,4.75,0.35
-117.963881102,33.9788252203,0.0529426,468.4,390,4.25,0.35
-117.916767719,33.9566389376,0.0392232,385.1,390,2.3,0.35
-117.86967851,33.9344341463,0.0689033,385.1,390,2.4,0.35
-117.822613478,33.9122108908,0.0777231,385.1,390,2.4,0.35
-117.775572624,33.8899692158,0.0309921,351.9,390,2.25,0.35
-117.72855595,33.8677091661,-0.0458091,386.6,390,2.3,0.35
-117.681563459,33.8454307863,-0.114235,468.4,515,1.4,0
-117.634595152,33.8231341211,-0.207781,710.1,748,1.25,0
-117.587651031,33.8008192151,-0.24891,710.1,748,1.2,0
-117.540731097,33.778486113,-0.0878964,710.1,748,1.15,0
-117.493835351,33.7561348596,-0.0960404,386.6,349,0.7,0
-117.446963796,33.7337654996,-0.252557,386.6,387,0,0
-117.400116431,33.7113780776,-0.404815,351.9,349,0,0
-117.353293259,33.6889726385,-0.625053,351.9,349,0,0
-117.306494279,33.6665492269,-0.7101,351.9,748,0,0
-117.259719494,33.6441078875,-0.693854,710.1,748,0,0
-119.075599609,34.5451157512,-0.367792,385.1,515,3,0.35
-119.027890264,34.523377477,-0.410394,468.4,515,0.35,0.15
-118.980205068,34.5016196148,-0.204102,468.4,515,5.3,0.1
-118.932544025,34.479842209,0.191233,468.4,515,6.15,0.05
-118.884907141,34.458045304,0.422862,468.4,390,5.8,0.15
-118.83729442,34.4362289442,0.493218,385.1,390,6.2,0.2
-118.789705867,34.4143931742,0.420769,293.5,354,6,1.15
-118.742141487,34.3925380384,0.258449,385.1,390,4.55,0.35
-118.694601285,34.3706635812,0.10141,468.4,390,3.7,0.35
-118.647085264,34.3487698472,-0.0557848,468.4,390,1.7,0.35
-118.59959343,34.326856881,-0.016946,385.1,390,0.55,0.35
-118.552125786,34.3049247269,0.177403,385.1,390,2.5,0.1
-118.504681997,34.2829734338,0.342707,351.9,280,3.55,0.35
-118.457262745,34.2610030377,0.347238,386.6,349,2.55,0.35
-118.409867696,34.2390135875,0.420581,293.5,280,2.45,0.35
-118.362496852,34.2170051277,0.416306,293.5,280,1.3,0.35
-118.315150218,34.1949777029,0.380061,351.9,280,0.75,0.65
-118.267827795,34.1729313578,0.238505,351.9,280,0.5,0.15
-118.220529589,34.150866137,0.22088,351.9,349,0.35,0.35
-118.173255602,34.128782085,0.207448,386.6,390,1.2,0.35
-118.126005837,34.1066792465,0.227432,386.6,387,1.8,0.15
-118.078780297,34.0845576662,0.303907,293.5,280,2.15,0.3
-118.031578984,34.0624173886,0.327579,228.2,280,3.95,0.4
-117.984401564,34.0402584612,0.247396,228.2,349,4.2,0.35
-117.937248715,34.0180809231,0.179981,468.4,390,2.45,0.2
-117.890120101,33.9958848218,0.128088,293.5,349,1.85,0.25
-117.843015725,33.973670202,0.115189,351.9,390,1.65,0.2
-117.795935588,33.9514371084,0.113794,468.4,390,1.55,0.2
-117.748879694,33.9291855858,0.0899016,468.4,390,2.35,0.2
-117.701848043,33.9069156787,0.0430943,468.4,390,2,0.2
-117.654840638,33.884627432,-0.0270468,351.9,354,1.55,0.35
-117.60785748,33.8623208904,-0.128669,386.6,387,0.75,0
-117.56089857,33.8399960987,-0.164732,351.9,387,2.65,0.55
-117.513963912,33.8176531015,-0.130069,386.6,387,0.85,0.35
-117.467053504,33.7952919437,-0.215749,385.1,515,0,0
-117.42016735,33.77291267,-0.318823,518.9,748,0,0
-117.37330545,33.7505153252,-0.472101,518.9,748,0,0
-117.326467804,33.7280999541,-0.638001,710.1,748,0,0
-117.279654414,33.7056666015,-0.681977,710.1,748,0,0
-117.232865281,33.6832153121,-0.62927,386.6,349,0,0
-119.04932788,34.5846012766,-0.408689,468.4,515,3,0.15
-119.001601757,34.5628534101,-0.396,385.1,515,0.35,0.2
-118.953899846,34.5410859444,-0.270549,468.4,515,5.65,0.1
-118.906222154,34.5192989239,-0.107777,468.4,515,0.35,0.05
-118.858568686,34.4974923933,0.0508392,385.1,390,1.25,0.1
-118.810939445,34.4756663969,0.187634,385.1,390,2.05,0.15
-118.763334438,34.4538209793,0.247452,385.1,390,2.1,0.35
-118.715753669,34.431956185,0.311907,385.1,390,3.3,0.35
-118.668197141,34.4100720586,0.276222,351.9,354,4.4,0.35
-118.62066486,34.3881686446,0.141707,385.1,390,3.6,0.35
-118.57315683,34.3662459877,0.143343,385.1,390,2.85,0.35
-118.525673054,34.3443041323,0.263964,468.4,390,1,0.35
-118.478213198,34.3223431273,0.424615,351.9,349,4.55,0.15
-118.430777944,34.3003630088,0.291146,386.6,349,2.8,0.35
-118.383366956,34.2783638257,0.279345,351.9,349,1.35,0.1
-118.335980238,34.2563456228,0.247691,468.4,390,0.35,0.15
-118.288617794,34.2343084445,0.204795,710.1,748,0.35,0.05
-118.241279626,34.2122523356,0.164889,351.9,349,0.35,0.1
-118.193965738,34.1901773407,0.159089,710.1,748,0.35,0.05
-118.146676134,34.1680835046,0.213317,386.6,387,0.75,0.1
-118.099410815,34.1459708718,0.27883,386.6,387,1.5,0.2
-118.052169785,34.1238394872,0.354618,293.5,280,1.95,0.25
-118.004953047,34.1016893954,0.412035,351.9,280,3.05,0.35
-117.957760264,34.0795206437,0.384859,293.5,280,3,0.4
-117.910592117,34.0573332716,0.307627,386.6,387,2.35,0.25
-117.863448269,34.0351273265,0.204958,468.4,390,1.65,0.15
-117.816328722,34.0129028531,0.174456,468.4,390,1.1,0.15
-117.769233478,33.9906598963,0.173927,385.1,390,1.15,0.2
-117.722162539,33.9683985007,0.164863,385.1,390,1.8,0.2
-117.675115908,33.9461187112,0.15028,468.4,390,1.85,0.2
-117.628093586,33.9238205726,0.0880524,386.6,387,3.25,0.2
-117.581095574,33.9015041296,-0.0276247,444,387,0.35,0.15
-117.534121875,33.879169427,-0.144627,386.6,387,0.35,0.15
-117.487172488,33.8568165097,-0.352878,710.1,748,0,0
-117.440247417,33.8344454225,-0.488798,NaN,748,0,0
-117.393346662,33.8120562101,-0.522598,710.1,748,0,0
-117.346470223,33.7896489175,-0.610305,710.1,748,0,0
-117.299618102,33.7672235895,-0.662441,710.1,748,0,0
-117.2527903,33.7447802709,-0.629274,710.1,349,0,0
-117.205986817,33.7223190065,-0.519315,386.6,349,0,0
-119.023031889,34.6240795263,-0.423963,710.1,748,0,0
-118.975288982,34.6023220417,-0.43587,710.1,748,0.35,0.05
-118.927570354,34.5805449467,-0.391185,468.4,515,0.35,0.05
-118.879876009,34.5587482859,-0.307833,468.4,390,0.35,0.1
-118.832205953,34.5369321038,-0.195236,468.4,390,0.5,0.1
-118.784560189,34.5150964451,-0.0778804,385.1,390,2,0.15
-118.736938724,34.4932413542,0.0648947,385.1,390,2.45,0.35
-118.689341562,34.4713668759,0.278831,385.1,390,3.75,0.35
-118.641768706,34.4494730546,0.334807,444,455,3.35,0.15
-118.594220161,34.427559935,0.257037,351.9,354,4.1,0.45
-118.546695932,34.4056275618,0.234817,293.5,354,2.1,0.5
-118.499196023,34.3836759796,0.258749,351.9,455,2.1,0.35
-118.451720097,34.361705237,0.25543,710.1,748,5.9,0.05
-118.404268837,34.3397153706,0.146907,710.1,748,3.35,0.05
-118.356841909,34.3177064292,0.0586131,710.1,748,3.1,0.15
-118.309439315,34.2956784575,0.0271963,710.1,748,3.45,0.05
-118.262061059,34.2736315003,0.00886383,710.1,748,0.35,0.05
-118.214707144,34.2515656021,0.00134806,710.1,748,0.35,0.05
-118.167377573,34.2294808078,0.00087181,710.1,748,0.35,0.05
-118.120072349,34.2073771621,0.0382531,710.1,748,0.75,0.05
-118.072791475,34.1852547097,0.0956014,710.1,748,1.35,0.05
-118.025534954,34.1631134954,0.222461,351.9,387,1.55,0.15
-117.978302789,34.140953564,0.323675,351.9,387,1.8,0.2
-117.931094643,34.1187749628,0.338383,293.5,387,2.05,0.2
-117.883911196,34.0965777313,0.248627,293.5,280,1.7,0.25
-117.836752112,34.074361917,0.200189,385.1,390,0.8,0.2
-117.789617394,34.0521275648,0.196892,293.5,354,0.35,0.2
-117.742507042,34.0298747195,0.19351,293.5,354,0.45,0.2
-117.695421059,34.0076034258,0.183765,293.5,354,1.05,0.25
-117.648359447,33.9853137287,0.175588,293.5,354,0.6,0.2
-117.601322207,33.9630056729,0.11179,293.5,354,0.35,0.2
-117.554309341,33.9406793033,0.0131168,386.6,387,0.35,0.15
-117.507320851,33.9183346648,-0.125445,710.1,748,0.35,0.15
-117.460356738,33.8959718023,-0.323375,386.6,748,0.35,0.35
-117.413417002,33.8735907606,-0.446979,710.1,748,0,0
-117.366501646,33.8511915845,-0.556392,710.1,748,0,0
-117.319610669,33.8287743191,-0.604823,386.6,748,0,0
-117.272744074,33.8063390091,-0.537731,710.1,748,0,0
-117.22590186,33.7838856995,-0.424372,386.6,349,0,0
-117.179084028,33.7614144352,-0.343802,386.6,349,0,0
-118.996711678,34.6635549813,-0.408748,710.1,748,0,0
-118.948951982,34.6417878529,-0.46579,710.1,748,0,0
-118.90121663,34.620001103,-0.442629,710.1,748,0.35,0.05
-118.853505626,34.5981947762,-0.364726,468.4,515,0.35,0.05
-118.805818976,34.5763689172,-0.304022,385.1,515,0.35,0.05
-118.758156684,34.5545235705,-0.258319,385.1,515,0.35,0.1
-118.710518755,34.5326587808,-0.0859438,385.1,390,0.35,0.15
-118.662905193,34.5107745928,0.253548,468.4,390,0.35,0.35
-118.615316004,34.4888710511,0.35083,293.5,354,1.75,0.35
-118.56775119,34.4669482004,0.281327,444,455,2.05,0.15
-118.520210757,34.4450060854,0.24995,444,455,2.05,0.15
-118.472694708,34.4230447508,0.242403,293.5,354,2.05,0.35
-118.425202707,34.4010642453,0.178486,468.4,515,1.6,0.15
-118.377735438,34.3790646055,-0.0243699,710.1,748,0.35,0.05
-118.330292564,34.3570458804,-0.146735,710.1,748,0.35,0.05
-118.282874089,34.3350081146,-0.143529,710.1,748,0.35,0.05
-118.235480017,34.3129513529,-0.148878,710.1,748,0.35,0.05
-118.188110349,34.2908756401,-0.158223,710.1,748,0.35,0.05
-118.140765091,34.268781021,-0.176145,710.1,748,0,0
-118.093444243,34.2466675403,-0.219126,710.1,748,0.7,0
-118.046147811,34.224535243,-0.165146,710.1,748,1.05,0
-117.998875795,34.2023841737,0.012494,710.1,748,1.3,0.05
-117.951628199,34.1802143774,0.107575,710.1,748,1.3,0.05
-117.904404686,34.1580259013,0.117313,710.1,748,2.05,0.05
-117.857205936,34.1358187853,0.0786842,351.9,349,1.3,0.2
-117.810031613,34.1135930767,0.147891,518.9,387,0.85,0.25
-117.762881719,34.0913488204,0.198177,293.5,349,0.55,0.2
-117.715756256,34.0690860614,0.184807,293.5,354,0.8,0.2
-117.668655226,34.0468048444,0.180687,293.5,354,0.5,0.2
-117.62157863,34.0245052145,0.164838,293.5,354,0.45,0.2
-117.57452647,34.0021872165,0.112175,293.5,354,0.35,0.2
-117.527498748,33.9798508952,0.0536897,386.6,387,0.35,0.15
-117.480495464,33.9574962957,-0.0272425,386.6,387,0.35,0.15
-117.433516621,33.9351234628,-0.0866693,386.6,387,0.35,0.15
-117.386562219,33.9127324415,-0.231761,386.6,387,0.35,0.35
-117.339632259,33.8903232767,-0.481198,710.1,748,0,0
-117.292726743,33.8678960134,-0.500557,710.1,748,0,0
-117.245845671,33.8454506965,-0.270759,386.6,349,0,0
-117.198989043,33.822987371,-0.135495,386.6,349,0,0
-117.152156861,33.8005060818,-0.145341,386.6,349,0,0
-118.970367076,34.70302311,-0.323491,710.1,748,0,0
-118.922590586,34.681246312,-0.299738,710.1,748,0,0
-118.874838505,34.6594498814,-0.234538,710.1,748,0,0
-118.827110839,34.6376338629,-0.205342,710.1,748,0,0
-118.779407591,34.6157983011,-0.170745,710.1,748,5,0.05
-118.731728767,34.5939432407,-0.132583,468.4,390,0.35,0.35
-118.684074372,34.5720687265,0.0271539,385.1,390,0.35,0.35
-118.636444408,34.5501748031,0.216001,385.1,390,1.55,0.35
-118.588838882,34.5282615153,0.237591,NaN,390,1.55,0.35
-118.541257797,34.5063289078,0.170114,468.4,390,2,0.25
-118.493701157,34.4843770254,0.156357,468.4,515,2.05,0.15
-118.446168966,34.4624059128,0.21668,468.4,515,2.05,0.15
-118.398660888,34.4404156188,0.171443,351.9,515,1.6,0.15
-118.351177606,34.4184061801,-0.0311598,710.1,748,0.65,0.05
-118.303718785,34.3963776456,-0.146324,710.1,748,0.35,0.05
-118.256284427,34.3743300601,-0.178437,710.1,748,0.35,0.05
-118.208874536,34.3522634685,-0.178344,710.1,748,0.35,0.05
-118.161489115,34.3301779156,-0.168042,710.1,748,0.35,0.05
-118.114128167,34.3080734462,-0.179456,351.9,748,0.55,0
-118.066791695,34.2859501052,-0.222139,710.1,748,0.8,0
-118.019479701,34.2638079374,-0.160307,710.1,748,1.1,0
-117.972192189,34.2416469878,-0.0645578,710.1,748,1.1,0
-117.924929161,34.2194673012,-0.0356877,710.1,748,1.05,0.05
-117.87769028,34.1972689249,-0.0906131,710.1,748,0.8,0.05
-117.830476226,34.1750518989,-0.0602838,710.1,748,1.1,0.05
-117.783286664,34.1528162707,0.0776586,710.1,748,0.35,0.05
-117.736121594,34.1305620851,0.187849,386.6,748,1.05,0.05
-117.688981019,34.1082893871,0.250647,351.9,354,1.1,0.15
-117.641864941,34.0859982216,0.278208,351.9,354,0.7,0.35
-117.594773361,34.0636886337,0.234028,293.5,354,0.4,0.2
-117.54770628,34.0413606681,0.189098,293.5,354,0.35,0.2
-117.500663701,34.01901437,0.158731,386.6,387,0.35,0.05
-117.453645625,33.9966497843,0.12228,710.1,748,0.35,0.15
-117.406652052,33.974266956,0.0631205,351.9,354,0.35,0.2
-117.359682983,33.95186593,-0.103897,386.6,387,0.35,0.15
-117.312738421,33.9294467514,-0.291341,710.1,748,0,0
-117.265818365,33.9070094651,-0.252128,386.6,349,0,0
-117.218922817,33.8845541163,-0.0380435,293.5,280,0,0
-117.172051776,33.8620807498,0.058378,NaN,349,0,0
-117.125205244,33.8395894107,0.0156121,293.5,349,0,0
-118.943998122,34.7424883935,-0.197477,710.1,748,0,0
-118.896204833,34.7207019002,-0.0302819,468.4,390,0,0
-118.848436018,34.6988957632,0.0573387,468.4,390,0,0
-118.800691683,34.6770700273,0.040137,468.4,390,0,0
-118.752971832,34.6552247371,0.0660925,385.1,390,0,0
-118.70527647,34.6333599374,0.12763,468.4,390,0.35,0.35
-118.657605601,34.611475673,0.179318,468.4,515,0.35,0.35
-118.60995923,34.5895719887,0.146361,468.4,515,0.35,0.15
-118.562337362,34.5676489292,0.093059,468.4,515,0.35,0.15
-118.51474,34.5457065393,-0.00831899,710.1,748,0.35,0.15
-118.467167148,34.523744864,0.0234194,710.1,748,0.35,0.1
-118.41961881,34.5017639479,0.234802,468.4,515,0.35,0.15
-118.372094649,34.4797638397,0.233987,385.1,515,1.85,0.05
-118.324595351,34.4577445766,0.0439534,468.4,515,1.15,0.15
-118.277120577,34.4357062073,-0.0563889,710.1,748,0.85,0.35
-118.229670332,34.4136487767,-0.108394,710.1,748,0.6,0.05
-118.182244618,34.3915723298,-0.0915804,710.1,748,0.7,0.05
-118.134843438,34.3694769113,-0.0405182,710.1,748,0.75,0
-118.087466797,34.3473625662,-0.0590464,710.1,748,0.6,0
-118.040114696,34.3252293395,-0.0671697,710.1,748,0.7,0
-117.992787138,34.303077276,-0.0416487,710.1,748,0.85,0
-117.945484125,34.2809064206,-0.0398195,710.1,748,0.85,0
-117.898205661,34.2587168184,-0.0830733,710.1,748,0.55,0
-117.850951409,34.2365085166,-0.194694,710.1,748,0,0
-117.803722048,34.2142815554,-0.135914,710.1,748,0.75,0.05
-117.756517243,34.1920359822,0.0413655,710.1,748,0.8,0
-117.709336994,34.169771842,0.211253,710.1,748,1.05,0
-117.662181304,34.1474891798,0.383085,351.9,354,1.15,0.35
-117.615050175,34.1251880406,0.419483,386.6,387,1.05,0.35
-117.567943608,34.1028684694,0.323443,293.5,354,0.4,0.35
-117.520861604,34.0805305113,0.28358,293.5,354,0.55,0.2
-117.473804165,34.0581742111,0.291023,293.5,280,0.35,0.2
-117.426771293,34.0357996141,0.270934,710.1,748,0.35,0.05
-117.379762988,34.0134067652,0.155223,386.6,280,0.35,0.15
-117.332779251,33.9909957094,0.0230032,386.6,387,0.35,0.15
-117.285820084,33.9685664919,-0.0558099,710.1,748,0,0
-117.238885487,33.9461191577,-0.0201452,386.6,349,0,0
-117.19197546,33.9236537518,0.140203,351.9,349,0.8,0
-117.145090005,33.9011703193,0.200759,710.1,748,0.8,0
-117.098229122,33.8786689054,0.12105,293.5,349,0.9,0
-118.917604646,34.7819463001,-0.132642,710.1,748,0,0
-118.869794553,34.7601500856,0.0203193,468.4,390,0,0
-118.822009001,34.7383342164,0.102638,351.9,390,0,0
-118.774247993,34.7164987372,0.16044,468.4,390,0,0
-118.726511536,34.6946436928,0.192335,468.4,390,0,0
-118.678799632,34.6727691281,0.183824,468.4,390,0,0
-118.631112288,34.6508750877,0.135328,710.1,748,0.35,0.05
-118.583449507,34.6289616167,0.091007,710.1,748,0.35,0.05
-118.535811293,34.6070287598,0.0325105,710.1,748,0.35,0.05
-118.488197651,34.5850765619,-0.0450775,385.1,515,0.35,0.15
-118.440608585,34.5631050679,0.00663732,710.1,748,0.35,0.15
-118.393044097,34.5411143226,0.158256,710.1,748,0.35,0.15
-118.345503852,34.5191043748,0.139594,386.6,515,1.2,0
-118.297988534,34.4970752616,0.0429301,385.1,387,1.1,0
-118.250497806,34.4750270319,0.0238426,518.9,515,0.85,0
-118.203031672,34.4529597307,0.094993,386.6,748,0.85,0
-118.155590133,34.4308734028,0.142943,710.1,748,0.85,0
-118.108173194,34.4087680932,0.075548,710.1,748,0.8,0
-118.060780857,34.386643847,-0.0135567,710.1,748,0.6,0
-118.013413126,34.364500709,-0.021867,710.1,748,0.65,0
-117.966070002,34.3423387242,-0.0279188,710.1,748,0.6,0
-117.918751488,34.3201579377,-0.045907,710.1,748,0,0
-117.871457587,34.2979583945,-0.102836,710.1,748,0,0
-117.824187962,34.2757401418,-0.15961,710.1,748,0,0
-117.776943294,34.2535032199,-0.0895008,710.1,748,0.55,0
-117.729723244,34.2312476765,0.0818851,710.1,748,0.85,0
-117.682527816,34.2089735563,0.262042,710.1,748,1.05,0
-117.635357011,34.1866809046,0.408567,710.1,748,1.2,0
-117.58821083,34.1643697664,0.407912,351.9,387,1.15,0.35
-117.541089276,34.1420401867,0.343994,351.9,354,0.8,0.35
-117.493992349,34.1196922107,0.327561,293.5,280,0.45,0.2
-117.446920051,34.0973258833,0.37906,293.5,280,0.45,0.2
-117.399872383,34.0749412498,0.400218,293.5,280,0.35,0.2
-117.352849346,34.0525383551,0.341725,386.6,280,0.35,0.15
-117.305850941,34.0301172444,0.254511,351.9,387,0.35,0.15
-117.25887717,34.0076779629,0.134236,386.6,280,0.35,0.15
-117.211928032,33.9852205555,0.117966,710.1,748,0.8,0
-117.165003528,33.9627450675,0.215872,386.6,349,1.3,0
-117.118103659,33.940251544,0.238541,468.4,455,1.5,0
-117.071228425,33.9177400302,0.166324,351.9,455,1.7,0
-118.891186687,34.8214013107,-0.150995,351.9,748,0,0
-118.843359785,34.7995953494,-0.0768608,710.1,748,0,0
-118.795557488,34.7777697222,0.0447463,468.4,515,0,0
-118.747779802,34.7559244741,0.216573,710.1,748,0.65,0
-118.700026732,34.7340596498,0.263806,710.1,748,0.75,0
-118.652298282,34.7121752942,0.135267,710.1,748,0,0
-118.604594456,34.6902714523,0.0814626,710.1,748,0,0
-118.556915259,34.668348169,0.12763,710.1,748,0.35,0.05
-118.509260695,34.646405489,0.103887,710.1,748,0.35,0.05
-118.461630768,34.6244434575,0.0486472,710.1,748,0,0
-118.414025481,34.6024621192,0.0517988,710.1,748,0,0
-118.366444839,34.5804615192,0.0799891,710.1,748,0,0
-118.318888505,34.5584417061,0.0529475,710.1,748,0,0
-118.271357163,34.5364027173,0.03184,710.1,349,0.55,0
-118.223850476,34.5143446017,0.122958,710.1,748,0.7,0
-118.176368447,34.4922674043,0.399981,518.9,515,0.8,0
-118.12891108,34.47017117,0.419675,710.1,748,0.8,0
-118.081478377,34.4480559439,0.128931,710.1,748,0.65,0
-118.034070341,34.425921771,-0.0136107,710.1,748,0,0
-117.986686975,34.4037686964,-0.0172789,710.1,748,0,0
-117.939328281,34.381596765,-0.0216312,710.1,748,0,0
-117.891994263,34.3594060219,-0.0253619,710.1,748,0,0
-117.844684922,34.3371965123,-0.0460708,710.1,748,0,0
-117.79739992,34.3149682833,-0.0510367,710.1,748,0,0
-117.75013994,34.2927213756,0.022329,710.1,748,0,0
-117.702904644,34.2704558365,0.193491,710.1,748,0.65,0
-117.655694033,34.2481717111,0.351678,710.1,748,1.1,0
-117.60850811,34.2258690446,0.404125,710.1,748,1.35,0
-117.561346875,34.2035478821,0.368295,710.1,748,1.35,0
-117.51421033,34.1812082687,0.321842,710.1,748,1.15,0.05
-117.467098478,34.1588502496,0.299359,351.9,280,0.95,0.35
-117.420011318,34.1364738698,0.407265,351.9,280,0.75,0.35
-117.372948852,34.1140791745,0.486099,386.6,280,0.6,0.35
-117.325911081,34.091666209,0.53755,293.5,280,1.05,0.25
-117.278898007,34.0692350183,0.45853,293.5,280,2,0.35
-117.231909628,34.0467856475,0.206689,351.9,280,0.95,0.25
-117.184945948,34.024318142,0.139605,444,387,1.15,0.35
-117.138006965,34.0018325469,0.211091,351.9,280,1.65,0.35
-117.09109268,33.9793289073,0.229993,351.9,387,2.05,0
-117.044203094,33.9568072685,0.169044,444,387,2.35,0
-118.864744076,34.8608488937,-0.189821,710.1,748,0,0
-118.816900359,34.8390331595,-0.108139,710.1,748,0,0
-118.769081315,34.8171977485,0.0671881,468.4,515,0.75,0
-118.721286948,34.7953427055,0.291656,386.6,387,1.4,0
-118.673517262,34.7734680755,0.383643,351.9,354,1.4,0
-118.625772261,34.7515739034,0.313513,710.1,609,0.95,0
-118.578051951,34.7296602341,0.323976,710.1,748,0,0
-118.530356336,34.7077271126,0.364478,710.1,748,0,0
-118.482685419,34.6857745839,0.366519,710.1,748,0,0
-118.435039204,34.6638026929,0.316371,710.1,748,0,0
-118.387417695,34.6418114847,0.287904,710.1,748,0,0
-118.339820897,34.6198010042,0.227632,710.1,748,0,0
-118.292248471,34.5977713002,0.193703,710.1,748,0,0
-118.244701103,34.5757224102,0.199926,710.1,748,0,0
-118.197178455,34.553654383,0.327712,710.1,748,0,0
-118.14968053,34.5315672638,0.519871,710.1,748,0,0
-118.102207332,34.5094610975,0.47483,351.9,387,0.55,0
-118.054758864,34.4873359293,0.273664,710.1,748,0,0
-118.007335127,34.4651918042,0.169845,710.1,748,0,0
-117.959936125,34.4430287674,0.116208,710.1,748,0,0
-117.912561861,34.4208468638,0.125791,710.1,748,0,0
-117.865212336,34.3986461387,0.18043,710.1,748,0,0
-117.817887554,34.3764266372,0.20059,710.1,748,0,0
-117.770587175,34.3541884066,0.154671,710.1,748,0,0
-117.723311883,34.3319314875,0.224779,710.1,748,0,0
-117.67606134,34.3096559274,0.428129,710.1,748,0.6,0
-117.628835546,34.2873617714,0.593728,710.1,748,1.1,0
-117.581634503,34.2650490648,0.602656,710.1,748,1.45,0
-117.534458214,34.2427178527,0.508869,710.1,748,1.55,0
-117.48730668,34.2203681803,0.31295,710.1,748,1.3,0
-117.440179901,34.1980000928,0.20047,351.9,748,1.15,0
-117.39307788,34.1756136353,0.25562,351.9,280,1.15,0.4
-117.346000616,34.1532088531,0.326133,293.5,280,1.2,0.35
-117.298948112,34.1307857915,0.424917,293.5,280,1,0.35
-117.251920368,34.1083444955,0.347305,293.5,280,0.4,0.2
-117.204917384,34.0858850105,0.159213,293.5,280,0.55,0.2
-117.157939161,34.0634073816,0.116207,293.5,280,1.5,0.35
-117.1109857,34.0409116542,0.188648,386.6,387,2.1,0.35
-117.064057001,34.0183978735,0.209698,351.9,387,2.35,0.35
-117.017153064,33.9958660847,0.141584,710.1,748,2.5,0
-118.838276848,34.9002935298,-0.229316,710.1,748,0,0
-118.790416312,34.8784679971,-0.123819,710.1,748,0,0
-118.742580514,34.8566227765,0.0744694,710.1,748,0.95,0
-118.694769459,34.8347579129,0.372971,386.6,387,1.5,0
-118.646983151,34.8128734514,0.533076,351.9,354,1.75,0
-118.599221595,34.790969437,0.569782,293.5,354,1.5,0
-118.551484795,34.7690459146,0.620894,386.6,354,1.45,0
-118.503772756,34.7471029293,0.657403,351.9,354,1,0
-118.45608548,34.7251405261,0.668451,351.9,354,0.75,0
-118.408422972,34.7031587501,0.639266,386.6,387,0.75,0
-118.360785237,34.6811576463,0.588473,386.6,387,0.85,0
-118.313172277,34.6591372598,0.472266,386.6,387,0,0
-118.265583754,34.6370976392,0.426842,351.9,354,0,0
-118.218020356,34.6150388223,0.443675,710.1,748,0,0
-118.170481742,34.5929608581,0.507065,293.5,354,0,0
-118.122967918,34.5708637915,0.527353,293.5,354,0,0
-118.075478885,34.5487476677,0.498307,351.9,748,0,0
-118.028014646,34.5266125319,0.486014,710.1,354,0,0
-117.980575205,34.5044584291,0.406566,351.9,748,0,0
-117.933160564,34.4822854046,0.290523,351.9,387,0,0
-117.885770725,34.4600935035,0.32431,444,387,0.55,0
-117.838405691,34.437882771,0.497244,351.9,354,0,0
-117.791065463,34.4156532522,0.513602,386.6,748,0,0
-117.743749705,34.3934049944,0.352367,710.1,748,0,0
-117.696459098,34.3711380386,0.422727,710.1,748,0.55,0
-117.649193303,34.3488524322,0.726709,710.1,748,0.85,0
-117.601952323,34.3265482203,0.890744,710.1,748,1.25,0
-117.55473616,34.3042254483,0.888105,710.1,748,1.5,0
-117.507544813,34.2818841613,0.700005,710.1,748,1.55,0
-117.460378286,34.2595244045,0.263425,386.6,748,1.35,0
-117.413236579,34.2371462234,0.0462021,351.9,387,1.25,0.35
-117.366119694,34.214749663,0.00899527,386.6,748,1.35,0.35
-117.319027631,34.1923347687,0.0436801,351.9,748,1.45,0.35
-117.271960391,34.1699015857,0.160199,351.9,349,1.55,0.35
-117.224917975,34.1474501593,0.13403,351.9,515,1.25,0.15
-117.177900383,34.1249805349,0.0399142,386.6,387,1.15,0.2
-117.130907617,34.1024927576,0.0375397,351.9,354,1.5,0.35
-117.083939676,34.0799868728,0.152846,386.6,387,1.75,0.35
-117.036996561,34.0574629258,0.170105,386.6,387,1.8,0.35
-116.990078272,34.0349209619,0.0722917,710.1,748,2.05,0
-118.811784836,34.9397306873,-0.289081,710.1,748,0,0
-118.763907477,34.91789533,-0.212606,710.1,748,0,0
-118.716054922,34.8960402738,-0.0377605,710.1,748,0.65,0
-118.668227177,34.8741655638,0.237459,386.6,387,1.25,0
-118.620424244,34.8522712449,0.419894,351.9,354,1.55,0
-118.57264613,34.8303573623,0.562362,351.9,354,1.65,0
-118.524892837,34.808423961,0.647628,293.5,354,2.3,0
-118.47716437,34.7864710861,0.70362,293.5,354,3.8,0
-118.429460734,34.7644987826,0.720413,386.6,387,2.35,0
-118.381781931,34.7425070958,0.739035,710.1,748,1.45,0
-118.334127966,34.7204960706,0.700995,386.6,354,1.2,0
-118.286498842,34.6984657523,0.632665,293.5,354,1.1,0
-118.238894222,34.6764161894,0.603243,293.5,354,0.65,0
-118.19131479,34.6543474201,0.612172,293.5,354,0.75,0
-118.14376021,34.632259493,0.627452,293.5,354,0.65,0
-118.096230483,34.6101524535,0.612417,293.5,354,0,0
-118.048725614,34.5880263465,0.593739,293.5,354,0,0
-118.001245604,34.5658812175,0.563458,293.5,354,0,0
-117.953790457,34.5437171115,0.470537,293.5,354,0,0
-117.906360175,34.5215340737,0.404543,293.5,354,0.7,0
-117.858954761,34.4993321495,0.464656,351.9,354,0.7,0
-117.811574216,34.477111384,0.607058,351.9,354,0.65,0
-117.764218543,34.4548718224,0.595358,351.9,387,0.65,0
-117.716887404,34.4326135121,0.507824,351.9,349,0.85,0
-117.66958148,34.4103364941,0.595222,351.9,387,1,0
-117.622300435,34.3880408159,0.807435,351.9,515,1.2,0
-117.575044269,34.3657265227,0.894971,351.9,387,1.4,0
-117.527812983,34.3433936598,0.879789,351.9,387,1.5,0
-117.48060658,34.3210422726,0.664015,351.9,387,1.4,0
-117.43342506,34.2986724062,0.323053,710.1,748,1.3,0
-117.386268425,34.2762841061,0.122314,710.1,748,1.3,0
-117.339136676,34.2538774175,-0.018748,468.4,748,1.45,0
-117.292029813,34.2314523858,-0.041136,710.1,748,1.6,0
-117.244947838,34.2090090563,0.00233848,710.1,748,1.6,0
-117.197890751,34.1865474743,-0.0172824,710.1,748,1.35,0
-117.150858553,34.1640676852,-0.0697221,710.1,748,1.45,0
-117.103851244,34.1415697343,-0.0609333,710.1,748,1.4,0
-117.056868824,34.119053667,0.00309636,710.1,515,1.35,0
-117.009911294,34.0965195286,-0.00525044,385.1,515,1.35,0
-116.962978654,34.0739673645,-0.0466424,710.1,748,1.6,0
-118.785268074,34.979164847,-0.359158,386.6,387,0,0
-118.737373886,34.9573196393,-0.354244,710.1,748,0,0
-118.689504569,34.9354547218,-0.225539,710.1,748,0,0
-118.641660126,34.9135701395,-0.0106196,710.1,748,0.85,0
-118.593840564,34.8916659375,0.195552,386.6,387,1.15,0
-118.546045885,34.8697421609,0.408226,351.9,354,1.5,0
-118.498276094,34.8477988549,0.529091,351.9,354,1.9,0
-118.450531195,34.8258360646,0.577196,228.2,354,2.45,0
-118.402811193,34.8038538352,0.627051,228.2,354,1.65,0
-118.35511609,34.7818522118,0.697378,293.5,354,1.3,0
-118.30744589,34.7598312396,0.713541,293.5,280,1.25,0
-118.259800598,34.7377909638,0.711036,293.5,280,1.15,0
-118.212179874,34.7157314331,0.708045,386.6,280,1.3,0
-118.164584406,34.6936526856,0.712461,228.2,280,1.5,0
-118.117013854,34.6715547702,0.719226,293.5,280,1.45,0
-118.069468221,34.649437732,0.722288,228.2,280,1.15,0
-118.021947511,34.6273016164,0.671239,228.2,354,0.7,0
-117.974451727,34.6051464685,0.538525,293.5,354,0,0
-117.92698087,34.5829723337,0.455376,293.5,354,0.55,0
-117.879534944,34.5607792573,0.457878,293.5,354,0.6,0
-117.83211395,34.5385672844,0.510151,293.5,354,0.65,0
-117.784717891,34.5163364604,0.575482,351.9,354,0.7,0
-117.737346769,34.4940868306,0.58978,351.9,354,0.95,0
-117.690000246,34.4718184423,0.605944,351.9,354,1.15,0
-117.642679004,34.4495313368,0.661031,351.9,354,1.3,0
-117.595382704,34.4272255614,0.708996,351.9,354,1.5,0
-117.548111349,34.4049011615,0.733807,386.6,387,1.65,0
-117.500864939,34.3825581825,0.702741,386.6,387,1.65,0
-117.453643476,34.3601966696,0.582818,351.9,387,1.5,0
-117.406446961,34.3378166683,0.478017,351.9,349,1.35,0
-117.359275396,34.315418224,0.306264,351.9,349,1.35,0
-117.31212878,34.2930013819,0.0740298,710.1,748,1.5,0
-117.265007116,34.2705661876,-0.0299251,710.1,748,1.45,0
-117.217910404,34.2481126863,-0.0628454,710.1,748,1.45,0
-117.170838644,34.2256409235,-0.103406,710.1,748,1.45,0
-117.123791837,34.2031509445,-0.150625,710.1,748,1.7,0
-117.076769984,34.1806427948,-0.176495,710.1,748,1.6,0
-117.029773084,34.1581165198,-0.207677,468.4,748,1.35,0
-116.982801138,34.135572165,-0.21045,710.1,748,1.15,0
-116.935854145,34.1130097756,-0.16386,710.1,748,1.4,0
-118.758726398,35.0185914768,-0.3937,351.9,515,0,0
-118.710815377,34.9967363928,-0.386813,710.1,748,0,0
-118.662929294,34.9748615879,-0.273858,710.1,748,0,0
-118.615068152,34.9529671074,-0.104645,710.1,748,0.6,0
-118.567231955,34.9310529963,0.0995112,386.6,354,0.85,0
-118.51942071,34.9091192999,0.295568,386.6,387,0.85,0
-118.471634418,34.8871660633,0.424045,386.6,387,1,0
-118.423873085,34.8651933318,0.495125,293.5,354,1.1,0
-118.376136713,34.8432011505,0.575635,293.5,280,1,0
-118.328425308,34.8211895648,0.656266,228.2,280,1.1,0
-118.280738872,34.7991586198,0.70342,228.2,280,1.15,0
-118.233077409,34.7771083608,0.731566,228.2,280,1.2,0
-118.18544058,34.7550388363,0.744624,386.6,280,1.5,0
-118.137829073,34.732950085,0.753518,386.6,280,1.9,0
-118.090242548,34.7108421554,0.756419,228.2,280,1.95,0
-118.042681008,34.688715093,0.747007,293.5,280,1.5,0
-117.995144456,34.666568943,0.672629,293.5,280,1.05,0
-117.947632895,34.6444037507,0.552484,293.5,354,0.65,0
-117.900146327,34.6222195615,0.496616,351.9,354,0.65,0
-117.852684755,34.6000164207,0.501799,710.1,748,0.65,0
-117.805248181,34.5777943737,0.535905,293.5,354,0.6,0
-117.757836608,34.5555534657,0.571223,293.5,354,0.7,0
-117.710450036,34.5332937422,0.598904,293.5,354,1,0
-117.663088128,34.5110152503,0.62907,293.5,354,1.35,0
-117.615751567,34.4887180317,0.648486,351.9,354,1.5,0
-117.568440013,34.4664021337,0.642337,351.9,354,1.65,0
-117.521153468,34.4440676016,0.63902,351.9,354,1.8,0
-117.473891934,34.421714481,0.605186,351.9,387,1.7,0
-117.426655411,34.3993428172,0.550905,386.6,387,1.55,0
-117.379443902,34.3769526556,0.497168,351.9,387,1.4,0
-117.332257406,34.3545440417,0.334017,386.6,387,1.4,0
-117.285095925,34.3321170208,0.127028,293.5,349,1.45,0
-117.23795946,34.3096716385,-0.00114359,710.1,748,1.3,0
-117.190848011,34.2872079402,-0.0766573,710.1,748,1.2,0
-117.14376158,34.2647259713,-0.137676,710.1,748,1.3,0
-117.096700165,34.2422257772,-0.195426,710.1,748,1.7,0
-117.049663768,34.2197074036,-0.243038,710.1,748,1.75,0
-117.002652389,34.1971708957,-0.291154,710.1,748,1.55,0
-116.955666028,34.1746162992,-0.277502,386.6,387,1.4,0
-116.908704685,34.1520436595,-0.227599,710.1,748,1.45,0
