-119.337,34.15000104,NaN,NaN,4.6,0
-119.2894581,34.12835728,NaN,NaN,0,0
-119.2419398,34.10669404,NaN,NaN,0,0
-119.1944449,34.08501138,NaN,NaN,0,0
-119.1469736,34.06330932,NaN,NaN,0,0
-119.0995258,34.04158792,NaN,NaN,0.6,0
-119.0521015,34.01984723,NaN,NaN,1.1,0
-119.0047008,33.99808727,NaN,NaN,1.05,0
-118.9573235,33.97630811,NaN,NaN,1.15,0
-118.9099699,33.95450977,NaN,NaN,1.45,0
-118.8626394,33.93269232,NaN,NaN,1.9,0
-118.8153329,33.91085578,NaN,NaN,2.1,0
-118.7680498,33.8890002,NaN,NaN,1.8,0
-118.7207904,33.86712563,NaN,NaN,1.35,0
-118.6735545,33.84523211,NaN,NaN,1.1,0
-118.6263422,33.82331969,NaN,NaN,1.1,0
-118.5791535,33.80138841,NaN,NaN,1.15,0
-118.5319883,33.77943831,NaN,NaN,1.2,0
-118.4848467,33.75746943,NaN,NaN,1.4,0
-118.4377287,33.73548183,NaN,NaN,1.6,0
-118.3906343,33.71347555,NaN,NaN,1.7,0
-118.3435635,33.69145062,NaN,NaN,1.5,0
-118.2965163,33.6694071,NaN,NaN,1.3,0
-118.2494923,33.64734503,NaN,NaN,1.9,0.4
-118.2024923,33.62526445,NaN,NaN,2.4,0.5
-118.1555159,33.6031654,NaN,NaN,2.9,0.7
-118.1085631,33.58104793,NaN,NaN,3.45,1.25
-118.0616339,33.55891209,NaN,NaN,3.6,1.4
-118.0147283,33.53675791,NaN,NaN,2.8,0
-117.9678464,33.51458545,NaN,NaN,2.3,0
-117.920988,33.49239475,NaN,NaN,1.75,0
-117.8741533,33.47018584,NaN,NaN,1.4,0
-117.8273422,33.44795878,NaN,NaN,1.2,0
-117.7805547,33.42571361,NaN,NaN,1.1,0
-117.7337909,33.40345037,NaN,NaN,1.15,0
-117.6870507,33.38116911,NaN,NaN,1.35,0
-117.6403341,33.35886987,NaN,NaN,1.5,0
-117.5936411,33.3365527,NaN,NaN,1.5,0
-117.5469718,33.31421764,NaN,NaN,1.45,0
-117.5003261,33.29186473,NaN,NaN,1.2,0
-119.3109668,34.18953541,NaN,NaN,4.8,1.5
-119.2634082,34.16788231,NaN,NaN,4.4,0.9
-119.2158732,34.14620973,228.2,NaN,3.65,0.7
-119.1683617,34.12451771,228.2,280,3.25,0.75
-119.1208739,34.10280628,176.1,280,2.7,0.95
-119.0734096,34.0810755,NaN,NaN,3.05,0.35
-119.0259689,34.05932541,NaN,NaN,3.1,0.35
-118.9785518,34.03755605,NaN,NaN,2.8,0.35
-118.9311583,34.01576747,NaN,NaN,0,0
-118.8837885,33.99395971,NaN,NaN,0.8,0
-118.8364418,33.97213282,NaN,NaN,1.45,0
-118.7891192,33.95028683,NaN,NaN,1.85,0
-118.7418202,33.9284218,NaN,NaN,1.6,0
-118.6945447,33.90653776,NaN,NaN,1.25,0
-118.647293,33.88463476,NaN,NaN,1.2,0
-118.6000648,33.8627106,NaN,NaN,1.2,0
-118.5528603,33.84076981,NaN,NaN,1.15,0
-118.5056794,33.8188102,NaN,NaN,1.1,0
-118.4585222,33.79683181,NaN,NaN,1.3,0
-118.4113886,33.77483468,386.6,390,1.4,0
-118.3642787,33.75281885,385.1,390,1.5,0
-118.3171924,33.73078437,386.6,390,1.6,0
-118.2701298,33.70873129,NaN,NaN,1.7,0.35
-118.2230905,33.68665964,NaN,NaN,2.1,0.85
-118.1760752,33.66456948,NaN,NaN,2.85,0.85
-118.1290836,33.64246084,NaN,NaN,3.15,1
-118.0821156,33.62033377,NaN,NaN,3.15,1.05
-118.0351714,33.59818831,NaN,NaN,3.4,1.1
-117.9882508,33.57602452,NaN,NaN,3.1,0.65
-117.9413538,33.55384242,NaN,NaN,2.4,0
-117.8944806,33.53164208,NaN,NaN,1.9,0
-117.847631,33.50942352,NaN,NaN,1.6,0
-117.8008052,33.4871868,NaN,NaN,1.45,0
-117.754003,33.46493196,NaN,NaN,1.4,0
-117.7072245,33.44265904,NaN,NaN,1.5,0
-117.6604697,33.42036809,NaN,NaN,1.55,0
-117.6137386,33.39805915,NaN,NaN,2,0
-117.5670311,33.37573227,386.6,387,1.45,0
-117.5203474,33.35338749,468.4,390,1.1,0
-117.4736874,33.33102486,468.4,390,0,0
-119.2849099,34.22906276,NaN,NaN,6.15,1.15
-119.2373346,34.2074003,293.5,280,4.35,0.75
-119.189783,34.18571834,228.2,280,3.7,0.55
-119.1422549,34.16401693,228.2,280,2.6,0.55
-119.0947505,34.14229611,228.2,280,2.45,0.7
-119.0472698,34.12055593,385.1,390,2.2,0.35
-118.9998127,34.09879642,518.9,515,1.9,0.35
-118.9523792,34.07701763,385.1,390,2.35,0.35
-118.9049695,34.05521961,385.1,515,2.2,0.35
-118.8575834,34.0334024,NaN,NaN,0,0
-118.8102206,34.01156605,385.1,390,0.9,0
-118.7628819,33.98971059,NaN,NaN,1.2,0
-118.7155668,33.96783607,NaN,NaN,1.15,0
-118.6682754,33.94594254,NaN,NaN,1.25,0
-118.6210077,33.92403004,NaN,NaN,1.2,0
-118.5737637,33.90209861,NaN,NaN,1.1,0
-118.5265435,33.8801483,NaN,NaN,1.05,0.55
-118.4793469,33.85817915,NaN,NaN,0.9,0.35
-118.432174,33.83619121,NaN,NaN,1.7,0.55
-118.3850248,33.81418452,386.6,387,1.75,0.6
-118.3378994,33.79215913,351.9,387,2.1,0.65
-118.2907976,33.77011507,386.6,387,2.3,0.75
-118.2437196,33.7480524,225.6,NaN,2.45,0.95
-118.196665,33.72597116,NaN,NaN,2.95,0.9
-118.1496344,33.70387139,NaN,NaN,3.1,0.85
-118.1026276,33.68175313,NaN,NaN,3.3,0.8
-118.0556445,33.65961643,NaN,NaN,3.4,0.7
-118.0086852,33.63746134,NaN,NaN,3.5,0.8
-117.9617495,33.6152879,NaN,NaN,3.4,0.35
-117.9148376,33.59309614,NaN,NaN,3.1,0.35
-117.8679495,33.57088613,NaN,NaN,1.9,0
-117.8210851,33.5486579,NaN,NaN,1.7,0
-117.7742445,33.52641149,NaN,NaN,1.65,0
-117.7274276,33.50414696,468.4,390,1.7,0
-117.6806344,33.48186433,351.9,349,1.9,0
-117.633865,33.45956367,385.1,390,2.2,0
-117.5871194,33.43724501,385.1,390,3.65,0
-117.5403975,33.4149084,385.1,515,1.45,0
-117.4936994,33.39255387,468.4,515,0,0
-117.447025,33.37018149,386.6,515,0,0
-119.2588296,34.26858756,293.5,280,6.1,0.85
-119.2112375,34.24691572,293.5,280,6.55,0.65
-119.1636692,34.22522436,228.2,280,3.65,0.55
-119.1161245,34.20351354,228.2,280,2.45,0.55
-119.0686036,34.1817833,228.2,349,3.2,0.35
-119.0211063,34.16003368,518.9,515,2.45,0.15
-118.9736328,34.13826473,385.1,390,1.75,0.15
-118.926183,34.11647649,518.9,515,0.35,0.15
-118.878757,34.094669,518.9,515,0.35,0.15
-118.8313547,34.07284231,468.4,515,0.35,0.35
-118.7839757,34.05099647,385.1,390,0,0
-118.7366209,34.02913152,NaN,NaN,0,0
-118.6892898,34.00724749,NaN,NaN,0.6,0
-118.6419824,33.98534444,NaN,NaN,0.75,0
-118.5946989,33.96342241,NaN,NaN,0.85,0
-118.547439,33.94148144,NaN,NaN,1.85,1
-118.5002029,33.91952158,NaN,NaN,1.85,1.05
-118.4529906,33.89754287,NaN,NaN,1.85,1.05
-118.4058021,33.87554536,351.9,387,2.2,0.95
-118.3586374,33.85352909,386.6,387,2.45,0.9
-118.3114964,33.8314941,386.6,387,3,0.8
-118.2643792,33.80944044,386.6,387,3.35,0.75
-118.2172858,33.78736816,228.2,236,3.4,0.7
-118.1702158,33.76527729,386.6,387,3.7,0.7
-118.12317,33.74316789,NaN,NaN,3.85,0.65
-118.0761479,33.72103999,293.5,280,3.1,0.65
-118.0291497,33.69889364,176.1,280,3.5,0.6
-117.9821752,33.67672889,228.2,280,3.85,0.55
-117.9352246,33.65454577,386.6,387,3.85,0.35
-117.8882977,33.63234434,NaN,NaN,3.25,0.35
-117.8413947,33.61012463,385.1,390,2,0
-117.7945154,33.5878867,468.4,390,1.9,0
-117.74766,33.56563058,468.4,390,1.95,0
-117.7008284,33.54335632,385.1,390,2.05,0
-117.6540206,33.52106397,385.1,390,2.2,0
-117.6072366,33.49875357,385.1,390,2.5,0
-117.5604764,33.47642516,386.6,515,3.65,0
-117.5137401,33.45407879,502.5,540,1.05,0
-117.4670276,33.4317145,351.9,540,0,0
-117.4203389,33.40933234,518.9,748,0,0
-119.2327254,34.30810529,385.1,390,5.95,0.35
-119.1851166,34.28642403,351.9,390,7.15,0.8
-119.1375316,34.26472325,228.2,280,2.45,0.4
-119.0899703,34.243003,386.6,390,2.25,0.35
-119.0424328,34.22126331,293.5,387,3.25,0.55
-118.9949191,34.19950423,518.9,515,3.25,0.35
-118.9474292,34.17772581,386.6,349,0.35,0.35
-118.8999631,34.15592809,351.9,349,0.35,0.35
-118.8525207,34.13411111,351.9,515,0.35,0.35
-118.8051022,34.11227492,518.9,515,0.35,0.15
-118.7577071,34.09041957,468.4,390,0,0
-118.7103361,34.06854509,468.4,390,0,0
-118.662989,34.04665153,468.4,390,0,0
-118.6156657,34.02473893,NaN,NaN,0,0
-118.5683662,34.00280735,NaN,NaN,2.15,0.9
-118.5210905,33.98085681,NaN,NaN,1.85,0.75
-118.4738386,33.95888738,NaN,NaN,1.85,0.8
-118.4266106,33.93689908,386.6,387,3.4,0.8
-118.3794064,33.91489197,386.6,387,3.75,0.75
-118.3322261,33.89286609,386.6,387,3.85,0.6
-118.2850696,33.87082149,386.6,387,4,0.6
-118.2379369,33.8487582,351.9,387,3.95,0.6
-118.1908281,33.82667628,386.6,387,4.3,0.65
-118.1437428,33.80457577,386.6,387,3.05,0.65
-118.0966817,33.78245671,228.2,280,3.2,0.65
-118.0496444,33.76031914,228.2,280,3.55,0.65
-118.002631,33.73816311,228.2,280,4.2,0.65
-117.9556414,33.71598867,228.2,280,4.45,0.55
-117.9086758,33.69379586,293.5,280,4.15,0.45
-117.861734,33.67158472,386.6,387,2.85,0.35
-117.814816,33.6493553,468.4,390,2.1,0
-117.7679219,33.62710764,468.4,609,2,0
-117.7210517,33.60484178,385.1,390,2.1,0
-117.6742054,33.58255778,385.1,390,2,0
-117.627383,33.56025568,385.1,390,1.6,0
-117.5805844,33.53793551,468.4,515,1.2,0
-117.5338097,33.51559733,502.5,540,0,0
-117.4870589,33.49324117,502.5,540,0,0
-117.4403319,33.47086709,518.9,748,0,0
-117.3936289,33.44847513,710.1,748,0,0
-119.2065976,34.34762042,385.1,390,4.75,0.35
-119.158972,34.32592973,385.1,455,6.35,0.65
-119.1113703,34.3042195,293.5,280,6.3,0.35
-119.0637924,34.28248978,386.6,390,5.2,0.35
-119.0162384,34.26074062,444,455,2.5,0.35
-118.9687082,34.23897206,386.6,387,3.15,0.35
-118.9212019,34.21718414,518.9,515,2.65,0.35
-118.8737193,34.19537692,386.6,349,0.35,0.35
-118.8262607,34.17355042,385.1,390,0.35,0.35
-118.7788259,34.15170471,518.9,515,2.25,0.35
-118.7314147,34.12983982,385.1,390,1.85,0.15
-118.6840276,34.10795579,518.9,390,1,0.1
-118.6366644,34.08605267,468.4,515,0.35,0.35
-118.5893251,34.0641305,502.5,748,0,0
-118.5420097,34.04218934,386.6,390,3,0.35
-118.4947182,34.02022921,386.6,387,2.95,0.65
-118.4474505,33.99825017,293.5,280,4.55,0.6
-118.4002068,33.97625227,386.6,387,4.65,0.6
-118.3529869,33.95423554,386.6,387,4.25,0.6
-118.305791,33.93220003,386.6,387,3.4,0.6
-118.2586189,33.91014578,386.6,387,3.6,0.65
-118.2114708,33.88807284,228.2,280,4.25,0.75
-118.1643466,33.86598126,228.2,280,4.5,0.8
-118.1172459,33.84387107,228.2,280,4.6,0.8
-118.0701695,33.82174232,228.2,280,4.55,0.8
-118.023117,33.79959506,228.2,280,4.75,0.8
-117.9760885,33.77742934,228.2,280,4.8,0.7
-117.9290838,33.75524518,228.2,280,4.9,0.6
-117.8821031,33.73304265,293.5,280,4.65,0.45
-117.8351464,33.71082177,228.2,280,2.05,0.35
-117.7882135,33.68858261,293.5,280,1.8,0.35
-117.7413046,33.6663252,293.5,280,1.5,0
-117.6944196,33.64404959,386.6,390,1.5,0
-117.6475586,33.62175581,385.1,390,1.45,0
-117.6007214,33.59944393,468.4,515,1.05,0
-117.5539083,33.57711397,502.5,748,0,0
-117.507119,33.55476599,502.5,540,0,0
-117.4603538,33.53240003,518.9,748,0,0
-117.4136124,33.51001614,710.1,748,0,0
-117.366895,33.48761435,351.9,748,0,0
-119.1804459,34.38712843,385.1,390,3.15,0.35
-119.1328036,34.36542827,385.1,390,5.15,0.35
-119.0851852,34.34370857,293.5,280,6.6,1
-119.0375907,34.32196936,385.1,390,1.25,0.35
-118.9900201,34.3002107,444,455,2.55,0.35
-118.9424734,34.27843264,444,349,3.15,0.35
-118.8949506,34.2566352,444,455,3.1,0.35
-118.8474517,34.23481844,468.4,390,1,0.35
-118.7999768,34.21298241,502.5,540,0.35,0.35
-118.7525258,34.19112714,502.5,390,2.9,0.05
-118.7050983,34.16925268,385.1,390,2.65,0.1
-118.6576952,34.14735908,385.1,390,2.3,0.1
-118.6103159,34.12544638,385.1,390,1.75,0.1
-118.5629607,34.10351462,468.4,748,0.35,0.15
-118.5156293,34.08156384,710.1,748,0.35,0.15
-118.4683219,34.0595941,386.6,387,0.45,0.35
-118.4210385,34.03760544,293.5,387,4.5,0.65
-118.373779,34.01559789,444,280,3.95,0.6
-118.3265435,33.99357152,386.6,280,4.45,0.7
-118.279332,33.97152635,293.5,280,5.35,0.85
-118.2321444,33.94946243,228.2,280,5.7,0.9
-118.1849808,33.92737982,228.2,280,5.6,0.9
-118.1378411,33.90527854,228.2,280,5.35,0.9
-118.0907251,33.88315866,228.2,280,4.65,0.8
-118.0436334,33.86102021,228.2,280,4.55,0.8
-117.9965657,33.83886323,228.2,280,3.7,0.7
-117.949522,33.81668777,228.2,280,4.15,0.65
-117.9025023,33.79449388,228.2,280,3.05,0.5
-117.8555065,33.7722816,293.5,280,3.5,0.35
-117.8085348,33.75005097,293.5,280,1.85,0.35
-117.761587,33.72780204,351.9,280,1.45,0
-117.7146633,33.70553485,502.5,540,1.15,0
-117.6677635,33.68324945,468.4,390,1.15,0
-117.6208877,33.66094589,468.4,390,1.05,0
-117.574036,33.6386242,468.4,387,0.35,0
-117.5272082,33.61628443,502.5,748,0,0
-117.4804045,33.59392662,710.1,748,0,0
-117.4336247,33.57155083,710.1,748,0,0
-117.3868689,33.54915709,710.1,748,0,0
-117.3401372,33.52674545,710.1,748,0,0
-119.1542703,34.4266338,385.1,390,1.7,0.4
-119.1066113,34.40492415,351.9,390,4,0.35
-119.0589762,34.38319494,385.1,390,6.05,0.45
-119.011365,34.36144622,293.5,280,6.3,1.1
-118.9637779,34.33967804,385.1,390,1.6,0.35
-118.9162147,34.31789044,386.6,390,2.85,0.35
-118.8686755,34.29608346,444,390,3.25,0.35
-118.8211602,34.27425715,518.9,515,2.05,0.35
-118.773669,34.25241154,351.9,387,0.95,0.35
-118.7262017,34.2305467,468.4,515,0.35,0.35
-118.6787581,34.20866265,502.5,540,0.35,0.05
-118.6313388,34.18675945,293.5,280,2.6,0.25
-118.5839435,34.16483714,385.1,280,2.1,0.25
-118.5365723,34.14289575,502.5,390,0.5,0.1
-118.489225,34.12093535,710.1,748,0.35,0.35
-118.4419018,34.09895597,710.1,748,0.35,0.1
-118.3946025,34.07695765,351.9,280,5.05,0.35
-118.3473273,34.05494045,386.6,387,2.35,0.35
-118.3000761,34.03290439,293.5,280,2.45,0.4
-118.252849,34.01084954,293.5,280,4.4,0.6
-118.2056459,33.98877594,293.5,280,5.05,0.75
-118.1584668,33.96668362,228.2,280,4.95,0.8
-118.1113117,33.94457263,228.2,280,4.25,0.75
-118.0641804,33.92244302,386.6,390,3.65,0.7
-118.0170734,33.90029484,386.6,387,3.1,0.65
-117.9699905,33.87812812,351.9,387,3.2,0.65
-117.9229316,33.85594291,228.2,280,4.5,0.65
-117.8758968,33.83373925,293.5,280,3.55,0.5
-117.828886,33.8115172,293.5,280,2.1,0.35
-117.7818993,33.78927679,518.9,387,1.8,0
-117.7349366,33.76701806,385.1,390,1.35,0
-117.687998,33.74474108,468.4,515,1.05,0
-117.6410834,33.72244587,502.5,540,0.85,0
-117.594193,33.70013248,710.1,748,0.8,0
-117.5473265,33.67780096,518.9,748,0,0
-117.5004842,33.65545135,710.1,748,0,0
-117.4536659,33.6330837,710.1,748,0,0
-117.4068716,33.61069805,710.1,748,0,0
-117.3601015,33.58829445,710.1,748,0,0
-117.3133554,33.56587293,710.1,748,0,0
-119.1280708,34.46613199,385.1,515,1.75,0.15
-119.080395,34.44441282,385.1,515,4,0.15
-119.0327432,34.42267409,386.6,390,4.45,0.15
-118.9851154,34.40091583,351.9,387,6.2,0.9
-118.9375117,34.3791381,293.5,390,6.05,1.05
-118.889932,34.35734094,385.1,390,1.2,0.35
-118.8423763,34.33552439,385.1,390,2.15,0.35
-118.7948447,34.31368849,468.4,515,2,0.35
-118.7473371,34.2918333,468.4,515,1.35,0.35
-118.6998536,34.26995885,385.1,515,0.9,0.35
-118.6523938,34.24806519,502.5,540,0.35,0.05
-118.6049588,34.22615236,293.5,280,2.55,0.1
-118.5575471,34.20422041,293.5,280,2.55,0.25
-118.5101598,34.18226939,293.5,280,1.85,0.25
-118.4627967,34.16029932,293.5,280,1.65,0.4
-118.4154576,34.13831027,385.1,390,1,0.25
-118.3681425,34.11630228,710.1,515,5.1,0.35
-118.3208516,34.09427539,293.5,280,2.05,0.35
-118.2735847,34.07222964,385.1,390,2,0.35
-118.226342,34.05016508,351.9,280,2.25,0.35
-118.1791233,34.02808175,386.6,387,2.45,0.45
-118.1319287,34.00597971,386.6,387,2.9,0.55
-118.0847583,33.98385898,228.2,280,3.7,0.6
-118.0376116,33.96171963,351.9,349,3.65,0.6
-117.9904893,33.93956168,386.6,387,3.6,0.6
-117.9433911,33.91738519,351.9,349,3.65,0.6
-117.8963171,33.8951902,385.1,387,3.95,0.55
-117.8492672,33.87297676,386.6,387,2.45,0.45
-117.8022414,33.85074491,351.9,354,2.25,0.35
-117.7552397,33.82849469,385.1,390,1.75,0
-117.7082621,33.80622615,468.4,515,1.45,0
-117.6613086,33.78393934,502.5,540,1.15,0
-117.6143793,33.76163429,351.9,748,1.1,0
-117.5674741,33.73931106,710.1,748,1.05,0
-117.520593,33.71696969,710.1,748,0.65,0
-117.473736,33.69461022,710.1,748,0,0
-117.4269032,33.67223269,710.1,748,0,0
-117.3800945,33.64983716,386.6,748,0,0
-117.3333099,33.62742366,386.6,387,0,0
-117.2865495,33.60499225,293.5,387,0,0
-119.1018473,34.50562748,385.1,515,0.35,0.15
-119.0541547,34.48389877,385.1,515,0.35,0.15
-119.0064862,34.46215049,468.4,515,4,0.1
-118.9588418,34.44038267,468.4,390,6.05,0.1
-118.9112215,34.41859537,385.1,390,6.1,0.55
-118.8636253,34.39678862,351.9,280,6.1,1.2
-118.8160532,34.37496247,468.4,390,1.15,0.35
-118.7685052,34.35311697,351.9,390,1.6,0.35
-118.7209813,34.33125216,444,390,1.7,0.35
-118.6734815,34.30936808,385.1,515,0.75,0.35
-118.6260059,34.28746477,502.5,540,0.35,0.05
-118.5785544,34.2655423,386.6,455,2.75,0.05
-118.5311266,34.24360069,386.6,280,2.95,0.35
-118.4837234,34.22163999,293.5,280,3.1,0.35
-118.4363443,34.19966025,293.5,280,2.5,0.35
-118.3889893,34.17766151,293.5,280,1.2,0.35
-118.3416585,34.15564381,293.5,280,1,0.45
-118.2943518,34.1336072,518.9,390,0.35,0.1
-118.2470693,34.11155173,386.6,280,1.25,0.3
-118.1998109,34.08947744,385.1,390,2,0.35
-118.1525767,34.06738437,386.6,387,2,0.35
-118.1053666,34.04527257,468.4,387,3.4,0.5
-118.0581807,34.02314208,293.5,280,4.65,0.5
-118.0110187,34.00099295,468.4,390,4.75,0.35
-117.9638811,33.97882522,468.4,390,4.25,0.35
-117.9167677,33.95663894,385.1,390,2.3,0.35
-117.8696785,33.93443415,385.1,390,2.4,0.35
-117.8226135,33.91221089,385.1,390,2.4,0.35
-117.7755726,33.88996922,351.9,390,2.25,0.35
-117.728556,33.86770917,386.6,390,2.3,0.35
-117.6815635,33.84543079,468.4,515,1.4,0
-117.6345952,33.82313412,710.1,748,1.25,0
-117.587651,33.80081922,710.1,748,1.2,0
-117.5407311,33.77848611,710.1,748,1.15,0
-117.4938354,33.75613486,386.6,349,0.7,0
-117.4469638,33.7337655,386.6,387,0,0
-117.4001164,33.71137808,351.9,349,0,0
-117.3532933,33.68897264,351.9,349,0,0
-117.3064943,33.66654923,351.9,748,0,0
-117.2597195,33.64410789,710.1,748,0,0
-119.0755996,34.54511575,385.1,515,3,0.35
-119.0278903,34.52337748,468.4,515,0.35,0.15
-118.9802051,34.50161961,468.4,515,5.3,0.1
-118.932544,34.47984221,468.4,515,6.15,0.05
-118.8849071,34.4580453,468.4,390,5.8,0.15
-118.8372944,34.43622894,385.1,390,6.2,0.2
-118.7897059,34.41439317,293.5,354,6,1.15
-118.7421415,34.39253804,385.1,390,4.55,0.35
-118.6946013,34.37066358,468.4,390,3.7,0.35
-118.6470853,34.34876985,468.4,390,1.7,0.35
-118.5995934,34.32685688,385.1,390,0.55,0.35
-118.5521258,34.30492473,385.1,390,2.5,0.1
-118.504682,34.28297343,351.9,280,3.55,0.35
-118.4572627,34.26100304,386.6,349,2.55,0.35
-118.4098677,34.23901359,293.5,280,2.45,0.35
-118.3624969,34.21700513,293.5,280,1.3,0.35
-118.3151502,34.1949777,351.9,280,0.75,0.65
-118.2678278,34.17293136,351.9,280,0.5,0.15
-118.2205296,34.15086614,351.9,349,0.35,0.35
-118.1732556,34.12878209,386.6,390,1.2,0.35
-118.1260058,34.10667925,386.6,387,1.8,0.15
-118.0787803,34.08455767,293.5,280,2.15,0.3
-118.031579,34.06241739,228.2,280,3.95,0.4
-117.9844016,34.04025846,228.2,349,4.2,0.35
-117.9372487,34.01808092,468.4,390,2.45,0.2
-117.8901201,33.99588482,293.5,349,1.85,0.25
-117.8430157,33.9736702,351.9,390,1.65,0.2
-117.7959356,33.95143711,468.4,390,1.55,0.2
-117.7488797,33.92918559,468.4,390,2.35,0.2
-117.701848,33.90691568,468.4,390,2,0.2
-117.6548406,33.88462743,351.9,354,1.55,0.35
-117.6078575,33.86232089,386.6,387,0.75,0
-117.5608986,33.8399961,351.9,387,2.65,0.55
-117.5139639,33.8176531,386.6,387,0.85,0.35
-117.4670535,33.79529194,385.1,515,0,0
-117.4201674,33.77291267,518.9,748,0,0
-117.3733055,33.75051533,518.9,748,0,0
-117.3264678,33.72809995,710.1,748,0,0
-117.2796544,33.7056666,710.1,748,0,0
-117.2328653,33.68321531,386.6,349,0,0
-119.0493279,34.58460128,468.4,515,3,0.15
-119.0016018,34.56285341,385.1,515,0.35,0.2
-118.9538998,34.54108594,468.4,515,5.65,0.1
-118.9062222,34.51929892,468.4,515,0.35,0.05
-118.8585687,34.49749239,385.1,390,1.25,0.1
-118.8109394,34.4756664,385.1,390,2.05,0.15
-118.7633344,34.45382098,385.1,390,2.1,0.35
-118.7157537,34.43195619,385.1,390,3.3,0.35
-118.6681971,34.41007206,351.9,354,4.4,0.35
-118.6206649,34.38816864,385.1,390,3.6,0.35
-118.5731568,34.36624599,385.1,390,2.85,0.35
-118.5256731,34.34430413,468.4,390,1,0.35
-118.4782132,34.32234313,351.9,349,4.55,0.15
-118.4307779,34.30036301,386.6,349,2.8,0.35
-118.383367,34.27836383,351.9,349,1.35,0.1
-118.3359802,34.25634562,468.4,390,0.35,0.15
-118.2886178,34.23430844,710.1,748,0.35,0.05
-118.2412796,34.21225234,351.9,349,0.35,0.1
-118.1939657,34.19017734,710.1,748,0.35,0.05
-118.1466761,34.1680835,386.6,387,0.75,0.1
-118.0994108,34.14597087,386.6,387,1.5,0.2
-118.0521698,34.12383949,293.5,280,1.95,0.25
-118.004953,34.1016894,351.9,280,3.05,0.35
-117.9577603,34.07952064,293.5,280,3,0.4
-117.9105921,34.05733327,386.6,387,2.35,0.25
-117.8634483,34.03512733,468.4,390,1.65,0.15
-117.8163287,34.01290285,468.4,390,1.1,0.15
-117.7692335,33.9906599,385.1,390,1.15,0.2
-117.7221625,33.9683985,385.1,390,1.8,0.2
-117.6751159,33.94611871,468.4,390,1.85,0.2
-117.6280936,33.92382057,386.6,387,3.25,0.2
-117.5810956,33.90150413,444,387,0.35,0.15
-117.5341219,33.87916943,386.6,387,0.35,0.15
-117.4871725,33.85681651,710.1,748,0,0
-117.4402474,33.83444542,NaN,748,0,0
-117.3933467,33.81205621,710.1,748,0,0
-117.3464702,33.78964892,710.1,748,0,0
-117.2996181,33.76722359,710.1,748,0,0
-117.2527903,33.74478027,710.1,349,0,0
-117.2059868,33.72231901,386.6,349,0,0
-119.0230319,34.62407953,710.1,748,0,0
-118.975289,34.60232204,710.1,748,0.35,0.05
-118.9275704,34.58054495,468.4,515,0.35,0.05
-118.879876,34.55874829,468.4,390,0.35,0.1
-118.832206,34.5369321,468.4,390,0.5,0.1
-118.7845602,34.51509645,385.1,390,2,0.15
-118.7369387,34.49324135,385.1,390,2.45,0.35
-118.6893416,34.47136688,385.1,390,3.75,0.35
-118.6417687,34.44947305,444,455,3.35,0.15
-118.5942202,34.42755994,351.9,354,4.1,0.45
-118.5466959,34.40562756,293.5,354,2.1,0.5
-118.499196,34.38367598,351.9,455,2.1,0.35
-118.4517201,34.36170524,710.1,748,5.9,0.05
-118.4042688,34.33971537,710.1,748,3.35,0.05
-118.3568419,34.31770643,710.1,748,3.1,0.15
-118.3094393,34.29567846,710.1,748,3.45,0.05
-118.2620611,34.2736315,710.1,748,0.35,0.05
-118.2147071,34.2515656,710.1,748,0.35,0.05
-118.1673776,34.22948081,710.1,748,0.35,0.05
-118.1200723,34.20737716,710.1,748,0.75,0.05
-118.0727915,34.18525471,710.1,748,1.35,0.05
-118.025535,34.1631135,351.9,387,1.55,0.15
-117.9783028,34.14095356,351.9,387,1.8,0.2
-117.9310946,34.11877496,293.5,387,2.05,0.2
-117.8839112,34.09657773,293.5,280,1.7,0.25
-117.8367521,34.07436192,385.1,390,0.8,0.2
-117.7896174,34.05212756,293.5,354,0.35,0.2
-117.742507,34.02987472,293.5,354,0.45,0.2
-117.6954211,34.00760343,293.5,354,1.05,0.25
-117.6483594,33.98531373,293.5,354,0.6,0.2
-117.6013222,33.96300567,293.5,354,0.35,0.2
-117.5543093,33.9406793,386.6,387,0.35,0.15
-117.5073209,33.91833466,710.1,748,0.35,0.15
-117.4603567,33.8959718,386.6,748,0.35,0.35
-117.413417,33.87359076,710.1,748,0,0
-117.3665016,33.85119158,710.1,748,0,0
-117.3196107,33.82877432,386.6,748,0,0
-117.2727441,33.80633901,710.1,748,0,0
-117.2259019,33.7838857,386.6,349,0,0
-117.179084,33.76141444,386.6,349,0,0
-118.9967117,34.66355498,710.1,748,0,0
-118.948952,34.64178785,710.1,748,0,0
-118.9012166,34.6200011,710.1,748,0.35,0.05
-118.8535056,34.59819478,468.4,515,0.35,0.05
-118.805819,34.57636892,385.1,515,0.35,0.05
-118.7581567,34.55452357,385.1,515,0.35,0.1
-118.7105188,34.53265878,385.1,390,0.35,0.15
-118.6629052,34.51077459,468.4,390,0.35,0.35
-118.615316,34.48887105,293.5,354,1.75,0.35
-118.5677512,34.4669482,444,455,2.05,0.15
-118.5202108,34.44500609,444,455,2.05,0.15
-118.4726947,34.42304475,293.5,354,2.05,0.35
-118.4252027,34.40106425,468.4,515,1.6,0.15
-118.3777354,34.37906461,710.1,748,0.35,0.05
-118.3302926,34.35704588,710.1,748,0.35,0.05
-118.2828741,34.33500811,710.1,748,0.35,0.05
-118.23548,34.31295135,710.1,748,0.35,0.05
-118.1881103,34.29087564,710.1,748,0.35,0.05
-118.1407651,34.26878102,710.1,748,0,0
-118.0934442,34.24666754,710.1,748,0.7,0
-118.0461478,34.22453524,710.1,748,1.05,0
-117.9988758,34.20238417,710.1,748,1.3,0.05
-117.9516282,34.18021438,710.1,748,1.3,0.05
-117.9044047,34.1580259,710.1,748,2.05,0.05
-117.8572059,34.13581879,351.9,349,1.3,0.2
-117.8100316,34.11359308,518.9,387,0.85,0.25
-117.7628817,34.09134882,293.5,349,0.55,0.2
-117.7157563,34.06908606,293.5,354,0.8,0.2
-117.6686552,34.04680484,293.5,354,0.5,0.2
-117.6215786,34.02450521,293.5,354,0.45,0.2
-117.5745265,34.00218722,293.5,354,0.35,0.2
-117.5274987,33.9798509,386.6,387,0.35,0.15
-117.4804955,33.9574963,386.6,387,0.35,0.15
-117.4335166,33.93512346,386.6,387,0.35,0.15
-117.3865622,33.91273244,386.6,387,0.35,0.35
-117.3396323,33.89032328,710.1,748,0,0
-117.2927267,33.86789601,710.1,748,0,0
-117.2458457,33.8454507,386.6,349,0,0
-117.198989,33.82298737,386.6,349,0,0
-117.1521569,33.80050608,386.6,349,0,0
-118.9703671,34.70302311,710.1,748,0,0
-118.9225906,34.68124631,710.1,748,0,0
-118.8748385,34.65944988,710.1,748,0,0
-118.8271108,34.63763386,710.1,748,0,0
-118.7794076,34.6157983,710.1,748,5,0.05
-118.7317288,34.59394324,468.4,390,0.35,0.35
-118.6840744,34.57206873,385.1,390,0.35,0.35
-118.6364444,34.5501748,385.1,390,1.55,0.35
-118.5888389,34.52826152,NaN,390,1.55,0.35
-118.5412578,34.50632891,468.4,390,2,0.25
-118.4937012,34.48437703,468.4,515,2.05,0.15
-118.446169,34.46240591,468.4,515,2.05,0.15
-118.3986609,34.44041562,351.9,515,1.6,0.15
-118.3511776,34.41840618,710.1,748,0.65,0.05
-118.3037188,34.39637765,710.1,748,0.35,0.05
-118.2562844,34.37433006,710.1,748,0.35,0.05
-118.2088745,34.35226347,710.1,748,0.35,0.05
-118.1614891,34.33017792,710.1,748,0.35,0.05
-118.1141282,34.30807345,351.9,748,0.55,0
-118.0667917,34.28595011,710.1,748,0.8,0
-118.0194797,34.26380794,710.1,748,1.1,0
-117.9721922,34.24164699,710.1,748,1.1,0
-117.9249292,34.2194673,710.1,748,1.05,0.05
-117.8776903,34.19726892,710.1,748,0.8,0.05
-117.8304762,34.1750519,710.1,748,1.1,0.05
-117.7832867,34.15281627,710.1,748,0.35,0.05
-117.7361216,34.13056209,386.6,748,1.05,0.05
-117.688981,34.10828939,351.9,354,1.1,0.15
-117.6418649,34.08599822,351.9,354,0.7,0.35
-117.5947734,34.06368863,293.5,354,0.4,0.2
-117.5477063,34.04136067,293.5,354,0.35,0.2
-117.5006637,34.01901437,386.6,387,0.35,0.05
-117.4536456,33.99664978,710.1,748,0.35,0.15
-117.4066521,33.97426696,351.9,354,0.35,0.2
-117.359683,33.95186593,386.6,387,0.35,0.15
-117.3127384,33.92944675,710.1,748,0,0
-117.2658184,33.90700947,386.6,349,0,0
-117.2189228,33.88455412,293.5,280,0,0
-117.1720518,33.86208075,NaN,349,0,0
-117.1252052,33.83958941,293.5,349,0,0
-118.9439981,34.74248839,710.1,748,0,0
-118.8962048,34.7207019,468.4,390,0,0
-118.848436,34.69889576,468.4,390,0,0
-118.8006917,34.67707003,468.4,390,0,0
-118.7529718,34.65522474,385.1,390,0,0
-118.7052765,34.63335994,468.4,390,0.35,0.35
-118.6576056,34.61147567,468.4,515,0.35,0.35
-118.6099592,34.58957199,468.4,515,0.35,0.15
-118.5623374,34.56764893,468.4,515,0.35,0.15
-118.51474,34.54570654,710.1,748,0.35,0.15
-118.4671671,34.52374486,710.1,748,0.35,0.1
-118.4196188,34.50176395,468.4,515,0.35,0.15
-118.3720946,34.47976384,385.1,515,1.85,0.05
-118.3245954,34.45774458,468.4,515,1.15,0.15
-118.2771206,34.43570621,710.1,748,0.85,0.35
-118.2296703,34.41364878,710.1,748,0.6,0.05
-118.1822446,34.39157233,710.1,748,0.7,0.05
-118.1348434,34.36947691,710.1,748,0.75,0
-118.0874668,34.34736257,710.1,748,0.6,0
-118.0401147,34.32522934,710.1,748,0.7,0
-117.9927871,34.30307728,710.1,748,0.85,0
-117.9454841,34.28090642,710.1,748,0.85,0
-117.8982057,34.25871682,710.1,748,0.55,0
-117.8509514,34.23650852,710.1,748,0,0
-117.803722,34.21428156,710.1,748,0.75,0.05
-117.7565172,34.19203598,710.1,748,0.8,0
-117.709337,34.16977184,710.1,748,1.05,0
-117.6621813,34.14748918,351.9,354,1.15,0.35
-117.6150502,34.12518804,386.6,387,1.05,0.35
-117.5679436,34.10286847,293.5,354,0.4,0.35
-117.5208616,34.08053051,293.5,354,0.55,0.2
-117.4738042,34.05817421,293.5,280,0.35,0.2
-117.4267713,34.03579961,710.1,748,0.35,0.05
-117.379763,34.01340677,386.6,280,0.35,0.15
-117.3327793,33.99099571,386.6,387,0.35,0.15
-117.2858201,33.96856649,710.1,748,0,0
-117.2388855,33.94611916,386.6,349,0,0
-117.1919755,33.92365375,351.9,349,0.8,0
-117.14509,33.90117032,710.1,748,0.8,0
-117.0982291,33.87866891,293.5,349,0.9,0
-118.9176046,34.7819463,710.1,748,0,0
-118.8697946,34.76015009,468.4,390,0,0
-118.822009,34.73833422,351.9,390,0,0
-118.774248,34.71649874,468.4,390,0,0
-118.7265115,34.69464369,468.4,390,0,0
-118.6787996,34.67276913,468.4,390,0,0
-118.6311123,34.65087509,710.1,748,0.35,0.05
-118.5834495,34.62896162,710.1,748,0.35,0.05
-118.5358113,34.60702876,710.1,748,0.35,0.05
-118.4881977,34.58507656,385.1,515,0.35,0.15
-118.4406086,34.56310507,710.1,748,0.35,0.15
-118.3930441,34.54111432,710.1,748,0.35,0.15
-118.3455039,34.51910437,386.6,515,1.2,0
-118.2979885,34.49707526,385.1,387,1.1,0
-118.2504978,34.47502703,518.9,515,0.85,0
-118.2030317,34.45295973,386.6,748,0.85,0
-118.1555901,34.4308734,710.1,748,0.85,0
-118.1081732,34.40876809,710.1,748,0.8,0
-118.0607809,34.38664385,710.1,748,0.6,0
-118.0134131,34.36450071,710.1,748,0.65,0
-117.96607,34.34233872,710.1,748,0.6,0
-117.9187515,34.32015794,710.1,748,0,0
-117.8714576,34.29795839,710.1,748,0,0
-117.824188,34.27574014,710.1,748,0,0
-117.7769433,34.25350322,710.1,748,0.55,0
-117.7297232,34.23124768,710.1,748,0.85,0
-117.6825278,34.20897356,710.1,748,1.05,0
-117.635357,34.1866809,710.1,748,1.2,0
-117.5882108,34.16436977,351.9,387,1.15,0.35
-117.5410893,34.14204019,351.9,354,0.8,0.35
-117.4939923,34.11969221,293.5,280,0.45,0.2
-117.4469201,34.09732588,293.5,280,0.45,0.2
-117.3998724,34.07494125,293.5,280,0.35,0.2
-117.3528493,34.05253836,386.6,280,0.35,0.15
-117.3058509,34.03011724,351.9,387,0.35,0.15
-117.2588772,34.00767796,386.6,280,0.35,0.15
-117.211928,33.98522056,710.1,748,0.8,0
-117.1650035,33.96274507,386.6,349,1.3,0
-117.1181037,33.94025154,468.4,455,1.5,0
-117.0712284,33.91774003,351.9,455,1.7,0
-118.8911867,34.82140131,351.9,748,0,0
-118.8433598,34.79959535,710.1,748,0,0
-118.7955575,34.77776972,468.4,515,0,0
-118.7477798,34.75592447,710.1,748,0.65,0
-118.7000267,34.73405965,710.1,748,0.75,0
-118.6522983,34.71217529,710.1,748,0,0
-118.6045945,34.69027145,710.1,748,0,0
-118.5569153,34.66834817,710.1,748,0.35,0.05
-118.5092607,34.64640549,710.1,748,0.35,0.05
-118.4616308,34.62444346,710.1,748,0,0
-118.4140255,34.60246212,710.1,748,0,0
-118.3664448,34.58046152,710.1,748,0,0
-118.3188885,34.55844171,710.1,748,0,0
-118.2713572,34.53640272,710.1,349,0.55,0
-118.2238505,34.5143446,710.1,748,0.7,0
-118.1763684,34.4922674,518.9,515,0.8,0
-118.1289111,34.47017117,710.1,748,0.8,0
-118.0814784,34.44805594,710.1,748,0.65,0
-118.0340703,34.42592177,710.1,748,0,0
-117.986687,34.4037687,710.1,748,0,0
-117.9393283,34.38159677,710.1,748,0,0
-117.8919943,34.35940602,710.1,748,0,0
-117.8446849,34.33719651,710.1,748,0,0
-117.7973999,34.31496828,710.1,748,0,0
-117.7501399,34.29272138,710.1,748,0,0
-117.7029046,34.27045584,710.1,748,0.65,0
-117.655694,34.24817171,710.1,748,1.1,0
-117.6085081,34.22586904,710.1,748,1.35,0
-117.5613469,34.20354788,710.1,748,1.35,0
-117.5142103,34.18120827,710.1,748,1.15,0.05
-117.4670985,34.15885025,351.9,280,0.95,0.35
-117.4200113,34.13647387,351.9,280,0.75,0.35
-117.3729489,34.11407917,386.6,280,0.6,0.35
-117.3259111,34.09166621,293.5,280,1.05,0.25
-117.278898,34.06923502,293.5,280,2,0.35
-117.2319096,34.04678565,351.9,280,0.95,0.25
-117.1849459,34.02431814,444,387,1.15,0.35
-117.138007,34.00183255,351.9,280,1.65,0.35
-117.0910927,33.97932891,351.9,387,2.05,0
-117.0442031,33.95680727,444,387,2.35,0
-118.8647441,34.86084889,710.1,748,0,0
-118.8169004,34.83903316,710.1,748,0,0
-118.7690813,34.81719775,468.4,515,0.75,0
-118.7212869,34.79534271,386.6,387,1.4,0
-118.6735173,34.77346808,351.9,354,1.4,0
-118.6257723,34.7515739,710.1,609,0.95,0
-118.578052,34.72966023,710.1,748,0,0
-118.5303563,34.70772711,710.1,748,0,0
-118.4826854,34.68577458,710.1,748,0,0
-118.4350392,34.66380269,710.1,748,0,0
-118.3874177,34.64181148,710.1,748,0,0
-118.3398209,34.619801,710.1,748,0,0
-118.2922485,34.5977713,710.1,748,0,0
-118.2447011,34.57572241,710.1,748,0,0
-118.1971785,34.55365438,710.1,748,0,0
-118.1496805,34.53156726,710.1,748,0,0
-118.1022073,34.5094611,351.9,387,0.55,0
-118.0547589,34.48733593,710.1,748,0,0
-118.0073351,34.4651918,710.1,748,0,0
-117.9599361,34.44302877,710.1,748,0,0
-117.9125619,34.42084686,710.1,748,0,0
-117.8652123,34.39864614,710.1,748,0,0
-117.8178876,34.37642664,710.1,748,0,0
-117.7705872,34.35418841,710.1,748,0,0
-117.7233119,34.33193149,710.1,748,0,0
-117.6760613,34.30965593,710.1,748,0.6,0
-117.6288355,34.28736177,710.1,748,1.1,0
-117.5816345,34.26504906,710.1,748,1.45,0
-117.5344582,34.24271785,710.1,748,1.55,0
-117.4873067,34.22036818,710.1,748,1.3,0
-117.4401799,34.19800009,351.9,748,1.15,0
-117.3930779,34.17561364,351.9,280,1.15,0.4
-117.3460006,34.15320885,293.5,280,1.2,0.35
-117.2989481,34.13078579,293.5,280,1,0.35
-117.2519204,34.1083445,293.5,280,0.4,0.2
-117.2049174,34.08588501,293.5,280,0.55,0.2
-117.1579392,34.06340738,293.5,280,1.5,0.35
-117.1109857,34.04091165,386.6,387,2.1,0.35
-117.064057,34.01839787,351.9,387,2.35,0.35
-117.0171531,33.99586608,710.1,748,2.5,0
-118.8382768,34.90029353,710.1,748,0,0
-118.7904163,34.878468,710.1,748,0,0
-118.7425805,34.85662278,710.1,748,0.95,0
-118.6947695,34.83475791,386.6,387,1.5,0
-118.6469832,34.81287345,351.9,354,1.75,0
-118.5992216,34.79096944,293.5,354,1.5,0
-118.5514848,34.76904591,386.6,354,1.45,0
-118.5037728,34.74710293,351.9,354,1,0
-118.4560855,34.72514053,351.9,354,0.75,0
-118.408423,34.70315875,386.6,387,0.75,0
-118.3607852,34.68115765,386.6,387,0.85,0
-118.3131723,34.65913726,386.6,387,0,0
-118.2655838,34.63709764,351.9,354,0,0
-118.2180204,34.61503882,710.1,748,0,0
-118.1704817,34.59296086,293.5,354,0,0
-118.1229679,34.57086379,293.5,354,0,0
-118.0754789,34.54874767,351.9,748,0,0
-118.0280146,34.52661253,710.1,354,0,0
-117.9805752,34.50445843,351.9,748,0,0
-117.9331606,34.4822854,351.9,387,0,0
-117.8857707,34.4600935,444,387,0.55,0
-117.8384057,34.43788277,351.9,354,0,0
-117.7910655,34.41565325,386.6,748,0,0
-117.7437497,34.39340499,710.1,748,0,0
-117.6964591,34.37113804,710.1,748,0.55,0
-117.6491933,34.34885243,710.1,748,0.85,0
-117.6019523,34.32654822,710.1,748,1.25,0
-117.5547362,34.30422545,710.1,748,1.5,0
-117.5075448,34.28188416,710.1,748,1.55,0
-117.4603783,34.2595244,386.6,748,1.35,0
-117.4132366,34.23714622,351.9,387,1.25,0.35
-117.3661197,34.21474966,386.6,748,1.35,0.35
-117.3190276,34.19233477,351.9,748,1.45,0.35
-117.2719604,34.16990159,351.9,349,1.55,0.35
-117.224918,34.14745016,351.9,515,1.25,0.15
-117.1779004,34.12498053,386.6,387,1.15,0.2
-117.1309076,34.10249276,351.9,354,1.5,0.35
-117.0839397,34.07998687,386.6,387,1.75,0.35
-117.0369966,34.05746293,386.6,387,1.8,0.35
-116.9900783,34.03492096,710.1,748,2.05,0
-118.8117848,34.93973069,710.1,748,0,0
-118.7639075,34.91789533,710.1,748,0,0
-118.7160549,34.89604027,710.1,748,0.65,0
-118.6682272,34.87416556,386.6,387,1.25,0
-118.6204242,34.85227124,351.9,354,1.55,0
-118.5726461,34.83035736,351.9,354,1.65,0
-118.5248928,34.80842396,293.5,354,2.3,0
-118.4771644,34.78647109,293.5,354,3.8,0
-118.4294607,34.76449878,386.6,387,2.35,0
-118.3817819,34.7425071,710.1,748,1.45,0
-118.334128,34.72049607,386.6,354,1.2,0
-118.2864988,34.69846575,293.5,354,1.1,0
-118.2388942,34.67641619,293.5,354,0.65,0
-118.1913148,34.65434742,293.5,354,0.75,0
-118.1437602,34.63225949,293.5,354,0.65,0
-118.0962305,34.61015245,293.5,354,0,0
-118.0487256,34.58802635,293.5,354,0,0
-118.0012456,34.56588122,293.5,354,0,0
-117.9537905,34.54371711,293.5,354,0,0
-117.9063602,34.52153407,293.5,354,0.7,0
-117.8589548,34.49933215,351.9,354,0.7,0
-117.8115742,34.47711138,351.9,354,0.65,0
-117.7642185,34.45487182,351.9,387,0.65,0
-117.7168874,34.43261351,351.9,349,0.85,0
-117.6695815,34.41033649,351.9,387,1,0
-117.6223004,34.38804082,351.9,515,1.2,0
-117.5750443,34.36572652,351.9,387,1.4,0
-117.527813,34.34339366,351.9,387,1.5,0
-117.4806066,34.32104227,351.9,387,1.4,0
-117.4334251,34.29867241,710.1,748,1.3,0
-117.3862684,34.27628411,710.1,748,1.3,0
-117.3391367,34.25387742,468.4,748,1.45,0
-117.2920298,34.23145239,710.1,748,1.6,0
-117.2449478,34.20900906,710.1,748,1.6,0
-117.1978908,34.18654747,710.1,748,1.35,0
-117.1508586,34.16406769,710.1,748,1.45,0
-117.1038512,34.14156973,710.1,748,1.4,0
-117.0568688,34.11905367,710.1,515,1.35,0
-117.0099113,34.09651953,385.1,515,1.35,0
-116.9629787,34.07396736,710.1,748,1.6,0
-118.7852681,34.97916485,386.6,387,0,0
-118.7373739,34.95731964,710.1,748,0,0
-118.6895046,34.93545472,710.1,748,0,0
-118.6416601,34.91357014,710.1,748,0.85,0
-118.5938406,34.89166594,386.6,387,1.15,0
-118.5460459,34.86974216,351.9,354,1.5,0
-118.4982761,34.84779885,351.9,354,1.9,0
-118.4505312,34.82583606,228.2,354,2.45,0
-118.4028112,34.80385384,228.2,354,1.65,0
-118.3551161,34.78185221,293.5,354,1.3,0
-118.3074459,34.75983124,293.5,280,1.25,0
-118.2598006,34.73779096,293.5,280,1.15,0
-118.2121799,34.71573143,386.6,280,1.3,0
-118.1645844,34.69365269,228.2,280,1.5,0
-118.1170139,34.67155477,293.5,280,1.45,0
-118.0694682,34.64943773,228.2,280,1.15,0
-118.0219475,34.62730162,228.2,354,0.7,0
-117.9744517,34.60514647,293.5,354,0,0
-117.9269809,34.58297233,293.5,354,0.55,0
-117.8795349,34.56077926,293.5,354,0.6,0
-117.832114,34.53856728,293.5,354,0.65,0
-117.7847179,34.51633646,351.9,354,0.7,0
-117.7373468,34.49408683,351.9,354,0.95,0
-117.6900002,34.47181844,351.9,354,1.15,0
-117.642679,34.44953134,351.9,354,1.3,0
-117.5953827,34.42722556,351.9,354,1.5,0
-117.5481113,34.40490116,386.6,387,1.65,0
-117.5008649,34.38255818,386.6,387,1.65,0
-117.4536435,34.36019667,351.9,387,1.5,0
-117.406447,34.33781667,351.9,349,1.35,0
-117.3592754,34.31541822,351.9,349,1.35,0
-117.3121288,34.29300138,710.1,748,1.5,0
-117.2650071,34.27056619,710.1,748,1.45,0
-117.2179104,34.24811269,710.1,748,1.45,0
-117.1708386,34.22564092,710.1,748,1.45,0
-117.1237918,34.20315094,710.1,748,1.7,0
-117.07677,34.18064279,710.1,748,1.6,0
-117.0297731,34.15811652,468.4,748,1.35,0
-116.9828011,34.13557217,710.1,748,1.15,0
-116.9358541,34.11300978,710.1,748,1.4,0
-118.7587264,35.01859148,351.9,515,0,0
-118.7108154,34.99673639,710.1,748,0,0
-118.6629293,34.97486159,710.1,748,0,0
-118.6150682,34.95296711,710.1,748,0.6,0
-118.567232,34.931053,386.6,354,0.85,0
-118.5194207,34.9091193,386.6,387,0.85,0
-118.4716344,34.88716606,386.6,387,1,0
-118.4238731,34.86519333,293.5,354,1.1,0
-118.3761367,34.84320115,293.5,280,1,0
-118.3284253,34.82118956,228.2,280,1.1,0
-118.2807389,34.79915862,228.2,280,1.15,0
-118.2330774,34.77710836,228.2,280,1.2,0
-118.1854406,34.75503884,386.6,280,1.5,0
-118.1378291,34.73295009,386.6,280,1.9,0
-118.0902425,34.71084216,228.2,280,1.95,0
-118.042681,34.68871509,293.5,280,1.5,0
-117.9951445,34.66656894,293.5,280,1.05,0
-117.9476329,34.64440375,293.5,354,0.65,0
-117.9001463,34.62221956,351.9,354,0.65,0
-117.8526848,34.60001642,710.1,748,0.65,0
-117.8052482,34.57779437,293.5,354,0.6,0
-117.7578366,34.55555347,293.5,354,0.7,0
-117.71045,34.53329374,293.5,354,1,0
-117.6630881,34.51101525,293.5,354,1.35,0
-117.6157516,34.48871803,351.9,354,1.5,0
-117.56844,34.46640213,351.9,354,1.65,0
-117.5211535,34.4440676,351.9,354,1.8,0
-117.4738919,34.42171448,351.9,387,1.7,0
-117.4266554,34.39934282,386.6,387,1.55,0
-117.3794439,34.37695266,351.9,387,1.4,0
-117.3322574,34.35454404,386.6,387,1.4,0
-117.2850959,34.33211702,293.5,349,1.45,0
-117.2379595,34.30967164,710.1,748,1.3,0
-117.190848,34.28720794,710.1,748,1.2,0
-117.1437616,34.26472597,710.1,748,1.3,0
-117.0967002,34.24222578,710.1,748,1.7,0
-117.0496638,34.2197074,710.1,748,1.75,0
-117.0026524,34.1971709,710.1,748,1.55,0
-116.955666,34.1746163,386.6,387,1.4,0
-116.9087047,34.15204366,710.1,748,1.45,0
